,Age,SibSp,Parch,Fare,Survived,Pclass,Sex,Embarked,Title
0,-0.5603308361781305,0.481287771858981,-0.444999501816175,-0.5032708482286589,0.0,3,male,S,Mr.
1,0.6551066700569848,0.481287771858981,-0.444999501816175,0.7347559687117448,1.0,1,female,C,Mrs.
2,-0.2564714596193517,-0.47908676070718687,-0.444999501816175,-0.4902203244943711,1.0,3,female,S,Miss.
3,0.42721213763790067,0.481287771858981,-0.444999501816175,0.3831980602411141,1.0,1,female,S,Mrs.
4,0.42721213763790067,-0.47908676070718687,-0.444999501816175,-0.4878035608398733,0.0,3,male,S,Mr.
5,-0.2593380985801533,-0.47908676070718687,-0.444999501816175,-0.4799094440388219,0.0,3,male,Q,Mr.
6,1.8705441762921,-0.47908676070718687,-0.444999501816175,0.3592721000615863,0.0,1,male,S,Mr.
7,-2.0796277189720245,2.4020368369913165,0.7107630931786129,-0.2359767880412083,0.0,3,male,S,Master.
8,-0.180506615479657,-0.47908676070718687,1.8665256881734007,-0.4281907018325702,1.0,3,female,S,Mrs.
9,-1.1680495892956881,0.481287771858981,-0.444999501816175,-0.06205100817616179,1.0,2,female,C,Mrs.
10,-1.9276980306926352,0.481287771858981,0.7107630931786129,-0.32056351594862936,1.0,3,female,S,Miss.
11,2.1744035528508787,-0.47908676070718687,-0.444999501816175,-0.13012253997420703,1.0,1,female,S,Miss.
12,-0.71226052445752,-0.47908676070718687,-0.444999501816175,-0.4878035608398733,0.0,3,male,S,Mr.
13,0.7310715141966795,0.481287771858981,5.333813473157765,-0.03876887383419231,0.0,3,male,S,Mr.
14,-1.1680495892956881,-0.47908676070718687,-0.444999501816175,-0.4915891794282786,0.0,3,female,S,Miss.
15,1.9465090204317947,-0.47908676070718687,-0.444999501816175,-0.33409739241381675,1.0,2,female,S,Mrs.
16,-2.0796277189720245,3.3624113695574844,0.7107630931786129,-0.0803372086915535,0.0,3,male,Q,Master.
17,0.10932811232244531,-0.47908676070718687,-0.444999501816175,-0.39209972012176264,1.0,2,male,S,Mr.
18,0.12335276107912184,0.481287771858981,-0.444999501816175,-0.2954291739418528,0.0,3,female,S,Other
19,-0.5462523515767146,-0.47908676070718687,-0.444999501816175,-0.5037542009595585,1.0,3,female,C,Mrs.
20,0.42721213763790067,-0.47908676070718687,-0.444999501816175,-0.14075630005399714,0.0,2,male,S,Mr.
21,0.35124729349820594,-0.47908676070718687,-0.444999501816175,-0.39209972012176264,1.0,2,male,S,Mr.
22,-1.0920847451559934,-0.47908676070718687,-0.444999501816175,-0.4882057103119818,1.0,3,female,Q,Miss.
23,-0.10454177133996227,-0.47908676070718687,-0.444999501816175,0.042917737687831505,1.0,1,male,S,Mr.
24,-1.6238386541338563,2.4020368369913165,0.7107630931786129,-0.2359767880412083,0.0,3,female,S,Miss.
25,0.6551066700569848,0.481287771858981,5.333813473157765,-0.03659378654514433,1.0,3,female,S,Mrs.
26,-0.2593380985801533,-0.47908676070718687,-0.444999501816175,-0.5037542009595585,0.0,3,male,C,Mr.
27,-0.7882253685972146,2.4020368369913165,1.8665256881734007,4.441427588873728,0.0,1,male,S,Mr.
28,-0.5462523515767146,-0.47908676070718687,-0.444999501816175,-0.49110582669737907,1.0,3,female,Q,Miss.
29,-0.2593380985801533,-0.47908676070718687,-0.444999501816175,-0.4907848804840617,0.0,3,male,S,Mr.
30,0.8070363583363742,-0.47908676070718687,-0.444999501816175,-0.10748616488071937,0.0,1,male,C,Other
31,0.5819976471255492,0.481287771858981,-0.444999501816175,2.189406012353938,1.0,1,female,C,Mrs.
32,-0.5462523515767146,-0.47908676070718687,-0.444999501816175,-0.4936037936106679,1.0,3,female,Q,Miss.
33,2.7821223059684366,-0.47908676070718687,-0.444999501816175,-0.44043499321171753,0.0,2,male,S,Mr.
34,-0.10454177133996227,0.481287771858981,-0.444999501816175,0.9452560830184984,0.0,1,male,C,Mr.
35,0.9589660466157636,0.481287771858981,-0.444999501816175,0.36193054008153386,0.0,1,male,S,Mr.
36,-0.2593380985801533,-0.47908676070718687,-0.444999501816175,-0.5036729977007673,1.0,3,male,C,Mr.
37,-0.6362956803178252,-0.47908676070718687,-0.444999501816175,-0.4878035608398733,0.0,3,male,S,Mr.
38,-0.8641902127369093,1.4416623044251486,-0.444999501816175,-0.2954291739418528,0.0,3,female,S,Other
39,-1.1680495892956881,0.481287771858981,-0.444999501816175,-0.4260948843913897,1.0,3,female,C,Miss.
40,0.8070363583363742,0.481287771858981,-0.444999501816175,-0.46025245517859903,0.0,3,female,S,Mrs.
41,-0.180506615479657,0.481287771858981,-0.444999501816175,-0.23742684623390695,0.0,2,female,S,Mrs.
42,-0.2593380985801533,-0.47908676070718687,-0.444999501816175,-0.4907848804840617,0.0,3,male,C,Mr.
43,-2.00366287483233,0.481287771858981,1.8665256881734007,0.16045365455521304,1.0,2,female,C,Miss.
44,-0.7882253685972146,-0.47908676070718687,-0.444999501816175,-0.49110582669737907,1.0,3,female,Q,Miss.
45,-0.2593380985801533,-0.47908676070718687,-0.444999501816175,-0.4878035608398733,0.0,3,male,S,Mr.
46,-0.2593380985801533,0.481287771858981,-0.444999501816175,-0.34376444703180775,0.0,3,male,Q,Mr.
47,-0.5462523515767146,-0.47908676070718687,-0.444999501816175,-0.4936037936106679,1.0,3,female,Q,Miss.
48,-0.2593380985801533,1.4416623044251486,-0.444999501816175,-0.22429511924082796,0.0,3,male,C,Mr.
49,-0.8641902127369093,0.481287771858981,-0.444999501816175,-0.2992959957890492,0.0,3,female,S,Mrs.
50,-1.699803498273551,3.3624113695574844,0.7107630931786129,0.12387932011350597,0.0,3,male,S,Master.
51,-0.6362956803178252,-0.47908676070718687,-0.444999501816175,-0.4926370881488688,0.0,3,male,S,Mr.
52,1.4907199555936266,0.481287771858981,-0.444999501816175,0.8400475941999791,1.0,1,female,C,Mrs.
53,-0.028576927200267572,0.481287771858981,-0.444999501816175,-0.14075630005399714,1.0,2,female,S,Mrs.
54,2.7061574618287416,-0.47908676070718687,0.7107630931786129,0.554869482969245,0.0,1,male,C,Mr.
55,0.8852248091720784,-0.47908676070718687,-0.444999501816175,0.042917737687831505,1.0,1,male,S,Mr.
56,-0.6362956803178252,-0.47908676070718687,-0.444999501816175,-0.44043499321171753,1.0,2,female,S,Miss.
57,-0.06655934927011492,-0.47908676070718687,-0.444999501816175,-0.5036729977007673,0.0,3,male,C,Mr.
58,-1.8517331865529405,0.481287771858981,1.8665256881734007,-0.1069216088910287,1.0,2,female,S,Miss.
59,-1.3959441217147723,4.322785902123652,1.8665256881734007,0.26332658297802586,0.0,3,male,S,Master.
60,-0.5603308361781305,-0.47908676070718687,-0.444999501816175,-0.5036729977007673,0.0,3,male,C,Mr.
61,0.6551066700569848,-0.47908676070718687,-0.444999501816175,0.9032855986890288,1.0,1,female,S,Miss.
62,1.1868605790348477,0.481287771858981,-0.444999501816175,0.970471628284066,0.0,1,male,S,Mr.
63,-1.9276980306926352,2.4020368369913165,1.8665256881734007,-0.10402149250563143,0.0,3,male,S,Master.
64,0.8852248091720784,-0.47908676070718687,-0.444999501816175,-0.10748616488071937,0.0,1,male,C,Mr.
65,-0.2593380985801533,0.481287771858981,0.7107630931786129,-0.3486791775995944,1.0,3,male,C,Master.
66,-0.028576927200267572,-0.47908676070718687,-0.444999501816175,-0.44043499321171753,1.0,2,female,S,Mrs.
67,-0.7882253685972146,-0.47908676070718687,-0.444999501816175,-0.48570967680961646,0.0,3,male,S,Mr.
68,-0.9401550568766041,3.3624113695574844,1.8665256881734007,-0.4902203244943711,1.0,3,female,S,Miss.
69,-0.2564714596193517,1.4416623044251486,-0.444999501816175,-0.4759614189328344,0.0,3,male,S,Mr.
70,0.19931760521881653,-0.47908676070718687,-0.444999501816175,-0.44043499321171753,0.0,2,male,S,Mr.
71,-1.0161199010162987,4.322785902123652,1.8665256881734007,0.26332658297802586,0.0,3,female,S,Miss.
72,-0.6362956803178252,-0.47908676070718687,-0.444999501816175,0.777613888655146,0.0,2,male,S,Mr.
73,-0.2564714596193517,0.481287771858981,-0.444999501816175,-0.3639840584707977,0.0,3,male,C,Mr.
74,0.19931760521881653,-0.47908676070718687,-0.444999501816175,0.4488528283846616,1.0,3,male,S,Mr.
75,-0.33243630375904637,-0.47908676070718687,-0.444999501816175,-0.49553720453426614,0.0,3,male,S,Mr.
76,-0.2593380985801533,-0.47908676070718687,-0.444999501816175,-0.4907848804840617,0.0,3,male,S,Mr.
77,-0.2593380985801533,-0.47908676070718687,-0.444999501816175,-0.4878035608398733,0.0,3,male,S,Mr.
78,-2.1685065866154676,-0.47908676070718687,1.8665256881734007,-0.08275397234605125,1.0,2,male,S,Master.
79,0.04738791693942713,-0.47908676070718687,-0.444999501816175,-0.40225012747065314,1.0,3,female,S,Miss.
80,-0.5603308361781305,-0.47908676070718687,-0.444999501816175,-0.4694361570656905,0.0,3,male,S,Mr.
81,-0.028576927200267572,-0.47908676070718687,-0.444999501816175,-0.4597691024476995,1.0,3,male,S,Mr.
82,-0.5462523515767146,-0.47908676070718687,-0.444999501816175,-0.49287876451431856,1.0,3,female,Q,Miss.
83,-0.10454177133996227,-0.47908676070718687,-0.444999501816175,0.2671934048252223,0.0,1,male,S,Mr.
84,-0.9401550568766041,-0.47908676070718687,-0.444999501816175,-0.44043499321171753,1.0,2,female,S,Miss.
85,0.27528244935851126,2.4020368369913165,-0.444999501816175,-0.33699750879921403,1.0,3,female,S,Mrs.
86,-1.0161199010162987,0.481287771858981,3.022288283168189,0.0211668647973518,0.0,3,male,S,Mr.
87,-0.2593380985801533,-0.47908676070718687,-0.444999501816175,-0.4878035608398733,0.0,3,male,S,Mr.
88,-0.4843659920384358,2.4020368369913165,1.8665256881734007,4.441427588873728,1.0,1,female,S,Miss.
89,-0.4084011478987411,-0.47908676070718687,-0.444999501816175,-0.4878035608398733,0.0,3,male,S,Mr.
90,-0.028576927200267572,-0.47908676070718687,-0.444999501816175,-0.4878035608398733,0.0,3,male,S,Mr.
91,-0.71226052445752,-0.47908676070718687,-0.444999501816175,-0.4915891794282786,0.0,3,male,S,Mr.
92,1.2628254231745424,0.481287771858981,-0.444999501816175,0.5393209923216683,0.0,1,male,S,Mr.
93,-0.2564714596193517,0.481287771858981,1.8665256881734007,-0.24564384265919928,0.0,3,male,S,Mr.
94,2.2503683969905737,-0.47908676070718687,-0.444999501816175,-0.5032708482286589,0.0,3,male,S,Mr.
95,-0.2593380985801533,-0.47908676070718687,-0.444999501816175,-0.4878035608398733,0.0,3,male,S,Mr.
96,3.16194652666691,-0.47908676070718687,-0.444999501816175,0.02656494809603802,0.0,1,male,C,Mr.
97,-0.4843659920384358,-0.47908676070718687,0.7107630931786129,0.5815331530165878,1.0,1,male,C,Mr.
98,0.35124729349820594,-0.47908676070718687,0.7107630931786129,-0.19875862776194303,1.0,2,female,S,Mrs.
99,0.35124729349820594,0.481287771858981,-0.444999501816175,-0.14075630005399714,0.0,2,male,S,Mr.
100,-0.10454177133996227,-0.47908676070718687,-0.444999501816175,-0.4907848804840617,0.0,3,female,S,Miss.
101,-0.2593380985801533,-0.47908676070718687,-0.444999501816175,-0.4907848804840617,0.0,3,male,S,Mr.
102,-0.6362956803178252,-0.47908676070718687,0.7107630931786129,0.8508418273864277,0.0,1,male,S,Mr.
103,0.27528244935851126,-0.47908676070718687,-0.444999501816175,-0.47612189203949307,0.0,3,male,S,Mr.
104,0.57914182591729,1.4416623044251486,-0.444999501816175,-0.4902203244943711,0.0,3,male,S,Mr.
105,-0.10454177133996227,-0.47908676070718687,-0.444999501816175,-0.4907848804840617,0.0,3,male,S,Mr.
106,-0.6362956803178252,-0.47908676070718687,-0.444999501816175,-0.49553720453426614,1.0,3,female,S,Miss.
107,-0.2593380985801533,-0.47908676070718687,-0.444999501816175,-0.4931204408797684,1.0,3,male,S,Mr.
108,0.6551066700569848,-0.47908676070718687,-0.444999501816175,-0.4907848804840617,0.0,3,male,S,Mr.
109,-0.5462523515767146,0.481287771858981,-0.444999501816175,-0.17652440214056378,1.0,3,female,Q,Miss.
110,1.3387902673142371,-0.47908676070718687,-0.444999501816175,0.36193054008153386,0.0,1,male,S,Mr.
111,-1.1300671672258409,0.481287771858981,-0.444999501816175,-0.3639840584707977,0.0,3,female,C,Miss.
112,-0.5603308361781305,-0.47908676070718687,-0.444999501816175,-0.4878035608398733,0.0,3,male,S,Mr.
113,-0.71226052445752,0.481287771858981,-0.444999501816175,-0.45348551694600536,0.0,3,female,S,Miss.
114,-0.9401550568766041,-0.47908676070718687,-0.444999501816175,-0.36390478862293013,0.0,3,female,C,Miss.
115,-0.6362956803178252,-0.47908676070718687,-0.444999501816175,-0.4902203244943711,0.0,3,male,S,Mr.
116,3.1239641045970625,-0.47908676070718687,-0.444999501816175,-0.4936037936106679,0.0,3,male,Q,Mr.
117,-0.028576927200267572,0.481287771858981,-0.444999501816175,-0.23742684623390695,0.0,2,male,S,Mr.
118,-0.4084011478987411,-0.47908676070718687,0.7107630931786129,4.1421510451881165,0.0,1,male,C,Mr.
119,-2.0796277189720245,3.3624113695574844,1.8665256881734007,-0.03876887383419231,0.0,3,female,S,Miss.
120,-0.6362956803178252,1.4416623044251486,-0.444999501816175,0.777613888655146,0.0,2,male,S,Mr.
121,-0.2593380985801533,-0.47908676070718687,-0.444999501816175,-0.4878035608398733,0.0,3,male,S,Mr.
122,0.2373000272886639,0.481287771858981,-0.444999501816175,-0.06205100817616179,0.0,2,male,C,Mr.
123,0.2373000272886639,-0.47908676070718687,-0.444999501816175,-0.39209972012176264,1.0,2,female,S,Miss.
124,1.8705441762921,-0.47908676070718687,0.7107630931786129,0.8508418273864277,0.0,1,male,S,Mr.
125,-1.3199792775750776,0.481287771858981,-0.444999501816175,-0.4260948843913897,1.0,3,male,C,Master.
126,-0.2593380985801533,-0.47908676070718687,-0.444999501816175,-0.4936037936106679,0.0,3,male,Q,Mr.
127,-0.4084011478987411,-0.47908676070718687,-0.444999501816175,-0.5053647322589158,1.0,3,male,S,Mr.
128,-0.5462523515767146,0.481287771858981,0.7107630931786129,-0.21116532565867263,1.0,3,female,C,Miss.
129,1.1868605790348477,-0.47908676070718687,-0.444999501816175,-0.5085877282685539,0.0,3,male,S,Mr.
130,0.27528244935851126,-0.47908676070718687,-0.444999501816175,-0.4907848804840617,0.0,3,male,C,Mr.
131,-0.71226052445752,-0.47908676070718687,-0.444999501816175,-0.5071376700758553,0.0,3,male,S,Mr.
132,1.3387902673142371,0.481287771858981,-0.444999501816175,-0.3630985562677897,0.0,3,female,S,Mrs.
133,-0.028576927200267572,0.481287771858981,-0.444999501816175,-0.14075630005399714,1.0,2,female,S,Mrs.
134,-0.33243630375904637,-0.47908676070718687,-0.444999501816175,-0.39209972012176264,0.0,2,male,S,Mr.
135,-0.4843659920384358,-0.47908676070718687,-0.444999501816175,-0.3525459994467907,0.0,2,male,C,Mr.
136,-0.7882253685972146,-0.47908676070718687,1.8665256881734007,-0.13527894690744344,1.0,1,female,S,Miss.
137,0.57914182591729,0.481287771858981,-0.444999501816175,0.3831980602411141,0.0,1,male,S,Mr.
138,-1.0161199010162987,-0.47908676070718687,-0.444999501816175,-0.4652464555942532,0.0,3,male,S,Mr.
139,-0.4084011478987411,-0.47908676070718687,-0.444999501816175,0.8878183113002432,0.0,1,male,C,Mr.
140,-0.5462523515767146,-0.47908676070718687,1.8665256881734007,-0.3486791775995944,0.0,3,female,C,Mrs.
141,-0.5603308361781305,-0.47908676070718687,-0.444999501816175,-0.4936037936106679,1.0,3,female,S,Miss.
142,-0.4084011478987411,0.481287771858981,-0.444999501816175,-0.33699750879921403,1.0,3,female,S,Mrs.
143,-0.7882253685972146,-0.47908676070718687,-0.444999501816175,-0.5129379028466499,0.0,3,male,Q,Mr.
144,-0.8641902127369093,-0.47908676070718687,-0.444999501816175,-0.4211008839757356,0.0,2,male,S,Mr.
145,-0.7882253685972146,0.481287771858981,0.7107630931786129,0.06708537423280896,0.0,2,male,S,Mr.
146,-0.180506615479657,-0.47908676070718687,-0.444999501816175,-0.49271829140765994,1.0,3,male,S,Mr.
147,-1.5478738099941616,1.4416623044251486,1.8665256881734007,0.0211668647973518,0.0,3,female,S,Miss.
148,0.5411594038474428,-0.47908676070718687,1.8665256881734007,-0.14075630005399714,0.0,2,male,S,Mr.
149,0.9589660466157636,-0.47908676070718687,-0.444999501816175,-0.39209972012176264,0.0,2,male,S,Other
150,1.642649643873016,-0.47908676070718687,-0.444999501816175,-0.4012834220088541,0.0,2,male,S,Other
151,-0.5603308361781305,0.481287771858981,-0.444999501816175,0.6442085349268704,1.0,1,female,S,Mrs.
152,1.984491442501642,-0.47908676070718687,-0.444999501816175,-0.4878035608398733,0.0,3,male,S,Mr.
153,0.8450187804062216,-0.47908676070718687,1.8665256881734007,-0.3630985562677897,0.0,3,male,S,Other
154,-0.2593380985801533,-0.47908676070718687,-0.444999501816175,-0.5020624664014101,0.0,3,male,S,Mr.
155,1.642649643873016,-0.47908676070718687,0.7107630931786129,0.5432690174276559,0.0,1,male,C,Mr.
156,-1.0161199010162987,-0.47908676070718687,-0.444999501816175,-0.49392667323490885,1.0,3,female,Q,Miss.
157,0.04738791693942713,-0.47908676070718687,-0.444999501816175,-0.4878035608398733,0.0,3,male,S,Mr.
158,-0.2593380985801533,-0.47908676070718687,-0.444999501816175,-0.4759614189328344,0.0,3,male,S,Mr.
159,-0.2593380985801533,7.203909499822155,1.8665256881734007,0.7012441571730172,0.0,3,male,S,Master.
160,1.110895734895153,-0.47908676070718687,0.7107630931786129,-0.33216398149021853,0.0,3,male,S,Mr.
161,0.8070363583363742,-0.47908676070718687,-0.444999501816175,-0.33893091972281225,1.0,2,female,S,Mrs.
162,-0.2564714596193517,-0.47908676070718687,-0.444999501816175,-0.4931204408797684,0.0,3,male,S,Mr.
163,-0.9401550568766041,-0.47908676070718687,-0.444999501816175,-0.4759614189328344,0.0,3,male,S,Mr.
164,-2.1555925631117194,3.3624113695574844,0.7107630931786129,0.12387932011350597,0.0,3,male,S,Master.
165,-1.5478738099941616,-0.47908676070718687,1.8665256881734007,-0.2466105481209984,1.0,3,male,S,Master.
166,0.5819976471255492,-0.47908676070718687,0.7107630931786129,0.41993286778947975,1.0,1,female,S,Mrs.
167,1.1868605790348477,0.481287771858981,4.178050878162977,-0.10402149250563143,0.0,3,female,S,Mrs.
168,0.8852248091720784,-0.47908676070718687,-0.444999501816175,-0.14220635824669575,0.0,1,male,S,Mr.
169,-0.10454177133996227,-0.47908676070718687,-0.444999501816175,0.4488528283846616,0.0,3,male,S,Mr.
170,2.402298085269963,-0.47908676070718687,-0.444999501816175,0.004249519215867582,0.0,1,male,S,Other
171,-1.9276980306926352,3.3624113695574844,0.7107630931786129,-0.0803372086915535,0.0,3,male,Q,Master.
172,-2.1555925631117194,0.481287771858981,0.7107630931786129,-0.4281907018325702,1.0,3,female,S,Miss.
173,-0.6362956803178252,-0.47908676070718687,-0.444999501816175,-0.4902203244943711,0.0,3,male,S,Mr.
174,2.0224738645714893,-0.47908676070718687,-0.444999501816175,-0.04996718990367307,0.0,1,male,C,Mr.
175,-0.8641902127369093,0.481287771858981,0.7107630931786129,-0.4915891794282786,0.0,3,male,S,Mr.
176,-0.2593380985801533,2.4020368369913165,0.7107630931786129,-0.15106718050954632,0.0,3,male,S,Master.
177,1.5666847997333213,-0.47908676070718687,-0.444999501816175,-0.08831252875139609,0.0,1,female,C,Miss.
178,0.04738791693942713,-0.47908676070718687,-0.444999501816175,-0.39209972012176264,0.0,2,male,S,Mr.
179,0.5031769817775954,-0.47908676070718687,-0.444999501816175,-0.6434431401895281,0.0,3,male,S,Mr.
180,-0.5462523515767146,7.203909499822155,1.8665256881734007,0.7012441571730172,0.0,3,female,S,Miss.
181,0.10932811232244531,-0.47908676070718687,-0.444999501816175,-0.3524647961879996,0.0,2,male,C,Mr.
182,-1.5478738099941616,3.3624113695574844,1.8665256881734007,-0.03659378654514433,0.0,3,male,S,Master.
183,-2.1555925631117194,1.4416623044251486,0.7107630931786129,0.11058712001376837,1.0,2,male,S,Master.
184,-1.9276980306926352,-0.47908676070718687,1.8665256881734007,-0.21760938426702545,1.0,3,female,S,Miss.
185,0.8852248091720784,-0.47908676070718687,-0.444999501816175,0.32326232160956997,0.0,1,male,S,Mr.
186,-0.5462523515767146,0.481287771858981,-0.444999501816175,-0.34376444703180775,1.0,3,female,Q,Mrs.
187,1.1868605790348477,-0.47908676070718687,-0.444999501816175,-0.13012253997420703,1.0,1,male,S,Mr.
188,0.8070363583363742,0.481287771858981,0.7107630931786129,-0.34376444703180775,0.0,3,male,Q,Mr.
189,0.5031769817775954,-0.47908676070718687,-0.444999501816175,-0.4907848804840617,0.0,3,male,S,Mr.
190,0.19931760521881653,-0.47908676070718687,-0.444999501816175,-0.39209972012176264,1.0,2,female,S,Mrs.
191,-0.7882253685972146,-0.47908676070718687,-0.444999501816175,-0.39209972012176264,0.0,2,male,S,Mr.
192,-0.7882253685972146,0.481287771858981,-0.444999501816175,-0.4915891794282786,1.0,3,female,S,Miss.
193,-2.00366287483233,0.481287771858981,0.7107630931786129,-0.14075630005399714,1.0,2,male,S,Master.
194,1.110895734895153,-0.47908676070718687,-0.444999501816175,-0.10748616488071937,1.0,1,female,C,Mrs.
195,2.1744035528508787,-0.47908676070718687,-0.444999501816175,2.189406012353938,1.0,1,female,C,Miss.
196,-0.2593380985801533,-0.47908676070718687,-0.444999501816175,-0.4936037936106679,0.0,3,male,Q,Mr.
197,0.9589660466157636,-0.47908676070718687,0.7107630931786129,-0.48095541934848857,0.0,3,male,S,Mr.
198,-0.5462523515767146,-0.47908676070718687,-0.444999501816175,-0.4936037936106679,1.0,3,female,Q,Miss.
199,-0.4084011478987411,-0.47908676070718687,-0.444999501816175,-0.39209972012176264,0.0,2,female,S,Miss.
200,-0.10454177133996227,-0.47908676070718687,-0.444999501816175,-0.4597691024476995,0.0,3,male,S,Other
201,-0.2593380985801533,7.203909499822155,1.8665256881734007,0.7012441571730172,0.0,3,male,S,Mr.
202,0.35124729349820594,-0.47908676070718687,-0.444999501816175,-0.5178526334144365,0.0,3,male,S,Mr.
203,1.2248430011046951,-0.47908676070718687,-0.444999501816175,-0.5037542009595585,0.0,3,male,C,Mr.
204,-0.8641902127369093,-0.47908676070718687,-0.444999501816175,-0.4878035608398733,1.0,3,male,S,Mr.
205,-2.0796277189720245,-0.47908676070718687,0.7107630931786129,-0.4411600223080669,0.0,3,female,S,Miss.
206,0.19931760521881653,0.481287771858981,-0.444999501816175,-0.33699750879921403,0.0,3,male,S,Mr.
207,-0.2564714596193517,-0.47908676070718687,-0.444999501816175,-0.280203562918517,1.0,3,male,C,Mr.
208,-1.0161199010162987,-0.47908676070718687,-0.444999501816175,-0.4936037936106679,1.0,3,female,Q,Miss.
209,0.8070363583363742,-0.47908676070718687,-0.444999501816175,-0.04408575387408732,1.0,1,male,C,Mr.
210,-0.4084011478987411,-0.47908676070718687,-0.444999501816175,-0.5071376700758553,0.0,3,male,S,Mr.
211,0.42721213763790067,-0.47908676070718687,-0.444999501816175,-0.23742684623390695,1.0,2,female,S,Miss.
212,-0.5603308361781305,-0.47908676070718687,-0.444999501816175,-0.5032708482286589,0.0,3,male,S,Mr.
213,0.04738791693942713,-0.47908676070718687,-0.444999501816175,-0.39209972012176264,0.0,2,male,S,Mr.
214,-0.2593380985801533,0.481287771858981,-0.444999501816175,-0.4936037936106679,0.0,3,male,Q,Mr.
215,0.12335276107912184,0.481287771858981,-0.444999501816175,1.5466280835163289,1.0,1,female,C,Miss.
216,-0.180506615479657,-0.47908676070718687,-0.444999501816175,-0.4902203244943711,1.0,3,female,S,Miss.
217,0.9589660466157636,0.481287771858981,-0.444999501816175,-0.12142219081801517,0.0,2,male,S,Mr.
218,0.19931760521881653,-0.47908676070718687,-0.444999501816175,0.831588921409237,1.0,1,female,C,Miss.
219,0.04738791693942713,-0.47908676070718687,-0.444999501816175,-0.44043499321171753,0.0,2,male,S,Mr.
220,-1.0161199010162987,-0.47908676070718687,-0.444999501816175,-0.4878035608398733,1.0,3,male,S,Mr.
221,-0.180506615479657,-0.47908676070718687,-0.444999501816175,-0.39209972012176264,0.0,2,male,S,Mr.
222,1.642649643873016,-0.47908676070718687,-0.444999501816175,-0.4878035608398733,0.0,3,male,S,Mr.
223,-0.2593380985801533,-0.47908676070718687,-0.444999501816175,-0.4907848804840617,0.0,3,male,S,Mr.
224,0.6551066700569848,0.481287771858981,-0.444999501816175,1.0966266910488485,1.0,1,male,S,Mr.
225,-0.5603308361781305,-0.47908676070718687,-0.444999501816175,-0.46266921883309675,0.0,3,male,S,Mr.
226,-0.7882253685972146,-0.47908676070718687,-0.444999501816175,-0.44043499321171753,1.0,2,male,S,Mr.
227,-0.6742781023876726,-0.47908676070718687,-0.444999501816175,-0.5032708482286589,0.0,3,male,S,Mr.
228,-0.8641902127369093,-0.47908676070718687,-0.444999501816175,-0.39209972012176264,0.0,2,male,S,Mr.
229,-0.5462523515767146,2.4020368369913165,0.7107630931786129,-0.15106718050954632,0.0,3,female,S,Miss.
230,0.42721213763790067,0.481287771858981,-0.444999501816175,0.970471628284066,1.0,1,female,S,Mrs.
231,-0.028576927200267572,-0.47908676070718687,-0.444999501816175,-0.4931204408797684,0.0,3,male,S,Mr.
232,2.2503683969905737,-0.47908676070718687,-0.444999501816175,-0.38243266550377164,0.0,2,male,S,Mr.
233,-1.8517331865529405,3.3624113695574844,1.8665256881734007,-0.03659378654514433,1.0,3,female,S,Miss.
234,-0.4084011478987411,-0.47908676070718687,-0.444999501816175,-0.44043499321171753,0.0,2,male,S,Mr.
235,-0.5462523515767146,-0.47908676070718687,-0.444999501816175,-0.4974706154578643,0.0,3,female,S,Miss.
236,1.110895734895153,0.481287771858981,-0.444999501816175,-0.14075630005399714,0.0,2,male,S,Mr.
237,-1.6238386541338563,-0.47908676070718687,1.8665256881734007,-0.13592277274500164,1.0,2,female,S,Miss.
238,-0.7882253685972146,-0.47908676070718687,-0.444999501816175,-0.44043499321171753,0.0,2,male,S,Mr.
239,0.27528244935851126,-0.47908676070718687,-0.444999501816175,-0.4061169493178496,0.0,2,male,S,Mr.
240,-0.5462523515767146,0.481287771858981,-0.444999501816175,-0.3639840584707977,0.0,3,female,C,Miss.
241,-0.5462523515767146,0.481287771858981,-0.444999501816175,-0.34376444703180775,1.0,3,female,Q,Miss.
242,-0.028576927200267572,-0.47908676070718687,-0.444999501816175,-0.44043499321171753,0.0,2,male,S,Mr.
243,-0.5603308361781305,-0.47908676070718687,-0.444999501816175,-0.5056876118831567,0.0,3,male,S,Mr.
244,0.04738791693942713,-0.47908676070718687,-0.444999501816175,-0.5037542009595585,0.0,3,male,C,Mr.
245,1.110895734895153,1.4416623044251486,-0.444999501816175,1.0966266910488485,0.0,1,male,Q,Other
246,-0.33243630375904637,-0.47908676070718687,-0.444999501816175,-0.4931204408797684,0.0,3,female,S,Miss.
247,-0.4084011478987411,-0.47908676070718687,1.8665256881734007,-0.3630985562677897,1.0,2,female,S,Mrs.
248,0.57914182591729,0.481287771858981,0.7107630931786129,0.3726455034201151,1.0,1,male,S,Mr.
249,1.8705441762921,0.481287771858981,-0.444999501816175,-0.14075630005399714,0.0,2,male,S,Other
250,-0.2593380985801533,-0.47908676070718687,-0.444999501816175,-0.5032708482286589,0.0,3,male,S,Mr.
251,-0.028576927200267572,0.481287771858981,0.7107630931786129,-0.4411600223080669,0.0,3,female,S,Mrs.
252,2.4782629294096576,-0.47908676070718687,-0.444999501816175,-0.13012253997420703,0.0,1,male,S,Mr.
253,0.04738791693942713,0.481287771858981,-0.444999501816175,-0.33216398149021853,0.0,3,male,S,Mr.
254,0.8830012024760688,-0.47908676070718687,1.8665256881734007,-0.2526524572572428,0.0,3,female,S,Mrs.
255,-0.028576927200267572,-0.47908676070718687,1.8665256881734007,-0.3486791775995944,1.0,3,female,C,Mrs.
256,0.5819976471255492,-0.47908676070718687,-0.444999501816175,0.8878183113002432,1.0,1,female,C,Mrs.
257,0.04738791693942713,-0.47908676070718687,-0.444999501816175,1.0289573087229116,1.0,1,female,S,Miss.
258,0.42721213763790067,-0.47908676070718687,-0.444999501816175,9.261985577393721,1.0,1,female,C,Miss.
259,1.5666847997333213,-0.47908676070718687,0.7107630931786129,-0.14075630005399714,1.0,2,female,S,Mrs.
260,-0.2593380985801533,-0.47908676070718687,-0.444999501816175,-0.4936037936106679,0.0,3,male,Q,Mr.
261,-2.00366287483233,3.3624113695574844,1.8665256881734007,-0.03659378654514433,1.0,3,male,S,Master.
262,1.7186144880127106,0.481287771858981,0.7107630931786129,0.8965186604564352,0.0,1,male,S,Mr.
263,0.8070363583363742,-0.47908676070718687,-0.444999501816175,-0.6434431401895281,0.0,1,male,S,Mr.
264,-0.5462523515767146,-0.47908676070718687,-0.444999501816175,-0.4936037936106679,0.0,3,female,Q,Miss.
265,0.5031769817775954,-0.47908676070718687,-0.444999501816175,-0.44043499321171753,0.0,2,male,S,Mr.
266,-1.0161199010162987,3.3624113695574844,0.7107630931786129,0.12387932011350597,0.0,3,male,S,Mr.
267,-0.33243630375904637,0.481287771858981,-0.444999501816175,-0.4931204408797684,1.0,3,male,S,Mr.
268,2.1744035528508787,-0.47908676070718687,0.7107630931786129,2.323617598437354,1.0,1,female,S,Mrs.
269,0.42721213763790067,-0.47908676070718687,-0.444999501816175,1.978905898047184,1.0,1,female,S,Miss.
270,0.8852248091720784,-0.47908676070718687,-0.444999501816175,-0.04408575387408732,0.0,1,male,S,Mr.
271,-0.33243630375904637,-0.47908676070718687,-0.444999501816175,-0.6434431401895281,1.0,3,male,S,Mr.
272,0.8830012024760688,-0.47908676070718687,0.7107630931786129,-0.26642801008787986,1.0,2,female,S,Mrs.
273,0.57914182591729,-0.47908676070718687,0.7107630931786129,-0.06922009588086389,0.0,1,male,C,Mr.
274,-0.5462523515767146,-0.47908676070718687,-0.444999501816175,-0.4936037936106679,1.0,3,female,Q,Miss.
275,2.5542277735493526,0.481287771858981,-0.444999501816175,0.8638111478619244,1.0,1,female,S,Miss.
276,1.1868605790348477,-0.47908676070718687,-0.444999501816175,-0.4936037936106679,0.0,3,female,S,Miss.
277,0.10932811232244531,-0.47908676070718687,-0.444999501816175,-0.6434431401895281,0.0,2,male,S,Mr.
278,-1.699803498273551,3.3624113695574844,0.7107630931786129,-0.0803372086915535,0.0,3,male,Q,Master.
279,0.42721213763790067,0.481287771858981,0.7107630931786129,-0.2519274281608934,1.0,3,female,S,Mrs.
280,2.7061574618287416,-0.47908676070718687,-0.444999501816175,-0.4936037936106679,0.0,3,male,Q,Mr.
281,-0.10454177133996227,-0.47908676070718687,-0.444999501816175,-0.4915891794282786,0.0,3,male,S,Mr.
282,-1.0161199010162987,-0.47908676070718687,-0.444999501816175,-0.4597691024476995,0.0,3,male,S,Other
283,-0.7882253685972146,-0.47908676070718687,-0.444999501816175,-0.4878035608398733,1.0,3,male,S,Mr.
284,0.8852248091720784,-0.47908676070718687,-0.444999501816175,-0.14075630005399714,0.0,1,male,S,Mr.
285,0.27528244935851126,-0.47908676070718687,-0.444999501816175,-0.4759614189328344,0.0,3,male,C,Mr.
286,0.04738791693942713,-0.47908676070718687,-0.444999501816175,-0.4597691024476995,1.0,3,male,S,Other
287,-0.5603308361781305,-0.47908676070718687,-0.444999501816175,-0.4907848804840617,0.0,3,male,S,Mr.
288,0.9589660466157636,-0.47908676070718687,-0.444999501816175,-0.39209972012176264,1.0,2,male,S,Mr.
289,-0.5603308361781305,-0.47908676070718687,-0.444999501816175,-0.4936037936106679,1.0,3,female,Q,Miss.
290,-0.2564714596193517,-0.47908676070718687,-0.444999501816175,0.8810513730676495,1.0,1,female,S,Miss.
291,-0.7882253685972146,0.481287771858981,-0.444999501816175,1.1174920617363202,1.0,1,female,C,Mrs.
292,0.5031769817775954,-0.47908676070718687,-0.444999501816175,-0.39451648377626036,0.0,2,male,C,Mr.
293,-0.4084011478987411,-0.47908676070718687,-0.444999501816175,-0.47233627345108775,0.0,3,female,S,Miss.
294,-0.4084011478987411,-0.47908676070718687,-0.444999501816175,-0.4907848804840617,0.0,3,male,S,Mr.
295,0.8852248091720784,-0.47908676070718687,-0.444999501816175,-0.10748616488071937,0.0,1,male,C,Mr.
296,-0.44638356996858847,-0.47908676070718687,-0.444999501816175,-0.5036729977007673,0.0,3,male,C,Mr.
297,-2.0796277189720245,0.481287771858981,1.8665256881734007,2.2866411145235386,0.0,1,female,S,Miss.
298,0.8852248091720784,-0.47908676070718687,-0.444999501816175,-0.0537528084920783,1.0,1,male,S,Mr.
299,1.5666847997333213,-0.47908676070718687,0.7107630931786129,4.1421510451881165,1.0,1,female,C,Mrs.
300,-0.5462523515767146,-0.47908676070718687,-0.444999501816175,-0.4936037936106679,1.0,3,female,Q,Miss.
301,-0.2593380985801533,1.4416623044251486,-0.444999501816175,-0.19392510045294753,1.0,3,male,Q,Mr.
302,-0.7882253685972146,-0.47908676070718687,-0.444999501816175,-0.6434431401895281,0.0,3,male,S,Mr.
303,-0.14258319523050053,-0.47908676070718687,-0.444999501816175,-0.40466689112515086,1.0,2,female,Q,Miss.
304,-0.2593380985801533,-0.47908676070718687,-0.444999501816175,-0.4878035608398733,0.0,3,male,S,Mr.
305,-2.161669750642895,0.481287771858981,1.8665256881734007,2.2866411145235386,1.0,1,male,S,Master.
306,0.5819976471255492,-0.47908676070718687,-0.444999501816175,1.5003866944566304,1.0,1,female,C,Miss.
307,-0.9401550568766041,0.481287771858981,-0.444999501816175,1.4620413556089078,1.0,1,female,C,Other
308,0.04738791693942713,0.481287771858981,-0.444999501816175,-0.17942451852596106,0.0,2,male,C,Mr.
309,0.04738791693942713,-0.47908676070718687,-0.444999501816175,0.4572322313275362,1.0,1,female,C,Miss.
310,-0.4084011478987411,-0.47908676070718687,-0.444999501816175,0.9643485158890306,1.0,1,female,C,Miss.
311,-0.8641902127369093,1.4416623044251486,1.8665256881734007,4.429343770601239,1.0,1,female,C,Miss.
312,-0.2564714596193517,0.481287771858981,0.7107630931786129,-0.14075630005399714,0.0,2,female,S,Mrs.
313,-0.10454177133996227,-0.47908676070718687,-0.444999501816175,-0.4907848804840617,0.0,3,male,S,Mr.
314,1.0349308907554582,0.481287771858981,0.7107630931786129,-0.13592277274500164,0.0,2,male,S,Mr.
315,-0.2564714596193517,-0.47908676070718687,-0.444999501816175,-0.4915891794282786,1.0,3,female,S,Miss.
316,-0.4084011478987411,0.481287771858981,-0.444999501816175,-0.14075630005399714,1.0,2,female,S,Mrs.
317,1.8705441762921,-0.47908676070718687,-0.444999501816175,-0.3727656108857807,0.0,2,male,S,Other
318,0.12335276107912184,-0.47908676070718687,1.8665256881734007,2.5441076469863395,1.0,1,female,S,Miss.
319,0.8070363583363742,0.481287771858981,0.7107630931786129,1.9569945520500458,1.0,1,female,C,Mrs.
320,-0.5603308361781305,-0.47908676070718687,-0.444999501816175,-0.5032708482286589,0.0,3,male,S,Mr.
321,-0.180506615479657,-0.47908676070718687,-0.444999501816175,-0.4907848804840617,0.0,3,male,S,Mr.
322,0.04738791693942713,-0.47908676070718687,-0.444999501816175,-0.40466689112515086,1.0,2,female,Q,Miss.
323,-0.5603308361781305,0.481287771858981,0.7107630931786129,-0.08275397234605125,1.0,2,female,S,Mrs.
324,-0.2593380985801533,7.203909499822155,1.8665256881734007,0.7012441571730172,0.0,3,male,S,Mr.
325,0.5031769817775954,-0.47908676070718687,-0.444999501816175,1.978905898047184,1.0,1,female,C,Miss.
326,2.402298085269963,-0.47908676070718687,-0.444999501816175,-0.5228466338300907,0.0,3,male,S,Mr.
327,0.5031769817775954,-0.47908676070718687,-0.444999501816175,-0.39209972012176264,1.0,2,female,S,Mrs.
328,0.12335276107912184,0.481287771858981,0.7107630931786129,-0.2466105481209984,1.0,3,female,S,Mrs.
329,-1.0161199010162987,-0.47908676070718687,0.7107630931786129,0.4775330460253172,1.0,1,female,C,Miss.
330,-0.5462523515767146,1.4416623044251486,-0.444999501816175,-0.19392510045294753,1.0,3,female,Q,Miss.
331,1.2248430011046951,-0.47908676070718687,-0.444999501816175,-0.09242102696404222,0.0,1,male,S,Mr.
332,0.6551066700569848,-0.47908676070718687,0.7107630931786129,2.323617598437354,0.0,1,male,S,Mr.
333,-1.0161199010162987,1.4416623044251486,-0.444999501816175,-0.2954291739418528,0.0,3,male,S,Other
334,0.5819976471255492,0.481287771858981,-0.444999501816175,1.9405605591994612,1.0,1,female,S,Mrs.
335,-0.2593380985801533,-0.47908676070718687,-0.444999501816175,-0.4907848804840617,0.0,3,male,S,Mr.
336,-0.028576927200267572,0.481287771858981,-0.444999501816175,0.6442085349268704,0.0,1,male,S,Mr.
337,0.8830012024760688,-0.47908676070718687,-0.444999501816175,1.9569945520500458,1.0,1,female,C,Miss.
338,1.1868605790348477,-0.47908676070718687,-0.444999501816175,-0.4878035608398733,1.0,3,male,S,Mr.
339,1.1868605790348477,-0.47908676070718687,-0.444999501816175,0.042917737687831505,0.0,1,male,S,Mr.
340,-2.0796277189720245,0.481287771858981,0.7107630931786129,-0.14075630005399714,1.0,2,male,S,Master.
341,-0.4084011478987411,2.4020368369913165,1.8665256881734007,4.441427588873728,1.0,1,female,S,Miss.
342,-0.10454177133996227,-0.47908676070718687,-0.444999501816175,-0.39209972012176264,0.0,2,male,S,Mr.
343,-0.33243630375904637,-0.47908676070718687,-0.444999501816175,-0.39209972012176264,0.0,2,male,S,Mr.
344,0.5031769817775954,-0.47908676070718687,-0.444999501816175,-0.39209972012176264,0.0,2,male,S,Mr.
345,-0.4084011478987411,-0.47908676070718687,-0.444999501816175,-0.39209972012176264,1.0,2,female,S,Miss.
346,0.8070363583363742,-0.47908676070718687,-0.444999501816175,-0.39209972012176264,1.0,2,female,S,Miss.
347,-0.5462523515767146,0.481287771858981,-0.444999501816175,-0.33216398149021853,1.0,3,female,S,Mrs.
348,-2.00366287483233,0.481287771858981,0.7107630931786129,-0.336030803337415,1.0,3,male,S,Master.
349,0.9589660466157636,-0.47908676070718687,-0.444999501816175,-0.4759614189328344,0.0,3,male,S,Mr.
350,-0.4843659920384358,-0.47908676070718687,-0.444999501816175,-0.46508598248759453,0.0,3,male,S,Mr.
351,0.8852248091720784,-0.47908676070718687,-0.444999501816175,0.033250683069840525,0.0,1,male,S,Mr.
352,-1.0920847451559934,0.481287771858981,0.7107630931786129,-0.5036729977007673,0.0,3,male,C,Mr.
353,-0.33243630375904637,0.481287771858981,-0.444999501816175,-0.2992959957890492,0.0,3,male,S,Mr.
354,-0.2593380985801533,-0.47908676070718687,-0.444999501816175,-0.5037542009595585,0.0,3,male,C,Mr.
355,-0.10454177133996227,-0.47908676070718687,-0.444999501816175,-0.4597691024476995,0.0,3,male,S,Other
356,-0.5603308361781305,-0.47908676070718687,0.7107630931786129,0.41993286778947975,1.0,1,female,S,Miss.
357,0.6551066700569848,-0.47908676070718687,-0.444999501816175,-0.39209972012176264,0.0,2,female,S,Miss.
358,-0.5462523515767146,-0.47908676070718687,-0.444999501816175,-0.49110582669737907,1.0,3,female,Q,Miss.
359,-0.5462523515767146,-0.47908676070718687,-0.444999501816175,-0.49110582669737907,1.0,3,female,Q,Miss.
360,0.8070363583363742,0.481287771858981,4.178050878162977,-0.10402149250563143,0.0,3,male,S,Mr.
361,-0.028576927200267572,0.481287771858981,-0.444999501816175,-0.10748616488071937,0.0,2,male,C,Other
362,1.1868605790348477,-0.47908676070718687,0.7107630931786129,-0.3639840584707977,0.0,3,female,C,Mrs.
363,0.42721213763790067,-0.47908676070718687,-0.444999501816175,-0.5071376700758553,0.0,3,male,S,Mr.
364,-0.2593380985801533,0.481287771858981,-0.444999501816175,-0.34376444703180775,0.0,3,male,Q,Mr.
365,0.04738791693942713,-0.47908676070718687,-0.444999501816175,-0.5032708482286589,0.0,3,male,S,Mr.
366,2.326333241130268,0.481287771858981,-0.444999501816175,0.8114485798181145,1.0,1,female,C,Mrs.
367,-0.5462523515767146,-0.47908676070718687,-0.444999501816175,-0.5036729977007673,1.0,3,female,C,Mrs.
368,-0.5462523515767146,-0.47908676070718687,-0.444999501816175,-0.4936037936106679,1.0,3,female,Q,Miss.
369,-0.4084011478987411,-0.47908676070718687,-0.444999501816175,0.6964106298640218,1.0,1,female,C,Other
370,-0.33243630375904637,0.481287771858981,-0.444999501816175,0.42847274383901296,1.0,1,male,C,Mr.
371,-0.8641902127369093,0.481287771858981,-0.444999501816175,-0.5178526334144365,0.0,3,male,S,Mr.
372,-0.7882253685972146,-0.47908676070718687,-0.444999501816175,-0.4878035608398733,0.0,3,male,S,Mr.
373,-0.5603308361781305,-0.47908676070718687,-0.444999501816175,1.978905898047184,0.0,1,male,C,Mr.
374,-2.00366287483233,2.4020368369913165,0.7107630931786129,-0.2359767880412083,0.0,3,female,S,Miss.
375,0.5819976471255492,0.481287771858981,-0.444999501816175,0.9452560830184984,1.0,1,female,C,Mrs.
376,-0.5603308361781305,-0.47908676070718687,-0.444999501816175,-0.5032708482286589,1.0,3,female,S,Miss.
377,-0.180506615479657,-0.47908676070718687,1.8665256881734007,3.4457209632206567,0.0,1,male,C,Mr.
378,-0.71226052445752,-0.47908676070718687,-0.444999501816175,-0.5658650268801505,0.0,3,male,C,Mr.
379,-0.7882253685972146,-0.47908676070718687,-0.444999501816175,-0.4931204408797684,0.0,3,male,S,Mr.
380,0.9589660466157636,-0.47908676070718687,-0.444999501816175,3.755550063727268,1.0,1,female,C,Miss.
381,-2.1555925631117194,-0.47908676070718687,1.8665256881734007,-0.3390913928294709,1.0,3,female,C,Miss.
382,0.19931760521881653,-0.47908676070718687,-0.444999501816175,-0.4902203244943711,0.0,3,male,S,Mr.
383,0.42721213763790067,0.481287771858981,-0.444999501816175,0.36193054008153386,1.0,1,female,S,Mrs.
384,-0.2593380985801533,-0.47908676070718687,-0.444999501816175,-0.4907848804840617,0.0,3,male,S,Mr.
385,-0.8641902127369093,-0.47908676070718687,-0.444999501816175,0.777613888655146,0.0,2,male,S,Mr.
386,-2.1555925631117194,4.322785902123652,1.8665256881734007,0.26332658297802586,0.0,3,male,S,Master.
387,0.5031769817775954,-0.47908676070718687,-0.444999501816175,-0.39209972012176264,1.0,2,female,S,Miss.
388,-0.2593380985801533,-0.47908676070718687,-0.444999501816175,-0.4940059430827764,0.0,3,male,Q,Mr.
389,-0.9401550568766041,-0.47908676070718687,-0.444999501816175,-0.4114338293577446,1.0,2,female,C,Miss.
390,0.5031769817775954,0.481287771858981,1.8665256881734007,1.6766499681283074,1.0,1,male,S,Mr.
391,-0.6362956803178252,-0.47908676070718687,-0.444999501816175,-0.49271829140765994,1.0,3,male,S,Mr.
392,-0.10454177133996227,1.4416623044251486,-0.444999501816175,-0.4902203244943711,0.0,3,male,S,Mr.
393,-0.4843659920384358,0.481287771858981,-0.444999501816175,1.5466280835163289,1.0,1,female,C,Miss.
394,-0.4084011478987411,-0.47908676070718687,1.8665256881734007,-0.32056351594862936,1.0,3,female,S,Mrs.
395,-0.5603308361781305,-0.47908676070718687,-0.444999501816175,-0.49271829140765994,0.0,3,male,S,Mr.
396,0.12335276107912184,-0.47908676070718687,-0.444999501816175,-0.4915891794282786,0.0,3,female,S,Miss.
397,1.2628254231745424,-0.47908676070718687,-0.444999501816175,-0.14075630005399714,0.0,2,male,S,Mr.
398,-0.4843659920384358,-0.47908676070718687,-0.444999501816175,-0.44043499321171753,0.0,2,male,S,Other
399,-0.10454177133996227,-0.47908676070718687,-0.444999501816175,-0.39886665835435636,1.0,2,female,S,Mrs.
400,0.7310715141966795,-0.47908676070718687,-0.444999501816175,-0.4902203244943711,1.0,3,male,S,Mr.
401,-0.2564714596193517,-0.47908676070718687,-0.444999501816175,-0.4878035608398733,0.0,3,male,S,Mr.
402,-0.6362956803178252,0.481287771858981,-0.444999501816175,-0.45348551694600536,0.0,3,female,S,Miss.
403,-0.10454177133996227,0.481287771858981,-0.444999501816175,-0.33699750879921403,0.0,3,male,S,Mr.
404,-0.71226052445752,-0.47908676070718687,-0.444999501816175,-0.4759614189328344,0.0,3,female,S,Miss.
405,0.35124729349820594,0.481287771858981,-0.444999501816175,-0.23742684623390695,0.0,2,male,S,Mr.
406,1.642649643873016,-0.47908676070718687,-0.444999501816175,-0.4936037936106679,0.0,3,male,S,Mr.
407,-2.00366287483233,0.481287771858981,0.7107630931786129,-0.28092859201486636,1.0,2,male,S,Master.
408,-0.6362956803178252,-0.47908676070718687,-0.444999501816175,-0.4931204408797684,0.0,3,male,S,Mr.
409,-0.5462523515767146,2.4020368369913165,0.7107630931786129,-0.15106718050954632,0.0,3,female,S,Miss.
410,-0.2593380985801533,-0.47908676070718687,-0.444999501816175,-0.4907848804840617,0.0,3,male,S,Mr.
411,-0.2593380985801533,-0.47908676070718687,-0.444999501816175,-0.5108440188163931,0.0,3,male,Q,Mr.
412,0.27528244935851126,0.481287771858981,-0.444999501816175,1.0966266910488485,1.0,1,female,Q,Miss.
413,0.10932811232244531,-0.47908676070718687,-0.444999501816175,-0.6434431401895281,0.0,2,male,S,Mr.
414,1.110895734895153,-0.47908676070718687,-0.444999501816175,-0.4902203244943711,1.0,3,male,S,Mr.
415,-0.5462523515767146,-0.47908676070718687,-0.444999501816175,-0.4878035608398733,0.0,3,female,S,Mrs.
416,0.35124729349820594,0.481287771858981,0.7107630931786129,-0.01508459002011438,1.0,2,female,S,Mrs.
417,-0.8641902127369093,-0.47908676070718687,1.8665256881734007,-0.39209972012176264,1.0,2,female,S,Miss.
418,0.04738791693942713,-0.47908676070718687,-0.444999501816175,-0.39209972012176264,0.0,2,male,S,Mr.
419,-1.471908965854467,-0.47908676070718687,1.8665256881734007,-0.17652440214056378,0.0,3,female,S,Other
420,-0.2593380985801533,-0.47908676070718687,-0.444999501816175,-0.4907848804840617,0.0,3,male,C,Mr.
421,-0.6362956803178252,-0.47908676070718687,-0.444999501816175,-0.49392667323490885,0.0,3,male,Q,Mr.
422,-0.028576927200267572,-0.47908676070718687,-0.444999501816175,-0.4911870299561702,0.0,3,male,S,Mr.
423,-0.10454177133996227,0.481287771858981,0.7107630931786129,-0.3650319671913879,0.0,3,female,S,Mrs.
424,-0.8641902127369093,0.481287771858981,0.7107630931786129,-0.2526524572572428,0.0,3,male,S,Mr.
425,-0.2593380985801533,-0.47908676070718687,-0.444999501816175,-0.5032708482286589,0.0,3,male,S,Mr.
426,-0.10454177133996227,0.481287771858981,-0.444999501816175,-0.14075630005399714,1.0,2,female,S,Mrs.
427,-0.7882253685972146,-0.47908676070718687,-0.444999501816175,-0.14075630005399714,1.0,2,female,S,Miss.
428,-0.2593380985801533,-0.47908676070718687,-0.444999501816175,-0.4936037936106679,0.0,3,male,Q,Mr.
429,0.19931760521881653,-0.47908676070718687,-0.444999501816175,-0.4878035608398733,1.0,3,male,S,Mr.
430,-0.10454177133996227,-0.47908676070718687,-0.444999501816175,-0.13012253997420703,1.0,1,male,S,Mr.
431,-0.5462523515767146,0.481287771858981,-0.444999501816175,-0.33216398149021853,1.0,3,female,S,Mrs.
432,0.9589660466157636,0.481287771858981,-0.444999501816175,-0.14075630005399714,1.0,2,female,S,Mrs.
433,-0.9401550568766041,-0.47908676070718687,-0.444999501816175,-0.5056876118831567,0.0,3,male,S,Mr.
434,1.5666847997333213,0.481287771858981,-0.444999501816175,0.43733356610186347,0.0,1,male,S,Mr.
435,-1.1680495892956881,0.481287771858981,1.8665256881734007,1.6766499681283074,1.0,1,female,S,Miss.
436,-0.6362956803178252,1.4416623044251486,1.8665256881734007,0.0211668647973518,0.0,3,female,S,Miss.
437,-0.4084011478987411,1.4416623044251486,3.022288283168189,-0.28092859201486636,1.0,2,female,S,Mrs.
438,2.630192617689047,0.481287771858981,4.178050878162977,4.441427588873728,0.0,1,male,S,Mr.
439,0.12335276107912184,-0.47908676070718687,-0.444999501816175,-0.44043499321171753,0.0,2,male,S,Mr.
440,1.1868605790348477,0.481287771858981,0.7107630931786129,-0.13592277274500164,1.0,2,female,S,Mrs.
441,-0.71226052445752,-0.47908676070718687,-0.444999501816175,-0.4597691024476995,0.0,3,male,S,Mr.
442,-0.33243630375904637,0.481287771858981,-0.444999501816175,-0.4931204408797684,0.0,3,male,S,Mr.
443,-0.10454177133996227,-0.47908676070718687,-0.444999501816175,-0.39209972012176264,1.0,2,female,S,Other
444,-0.2593380985801533,-0.47908676070718687,-0.444999501816175,-0.48659517901262445,1.0,3,male,S,Mr.
445,-1.9276980306926352,-0.47908676070718687,1.8665256881734007,0.939214173882254,1.0,1,male,S,Master.
446,-1.2440144334353829,-0.47908676070718687,0.7107630931786129,-0.26642801008787986,1.0,2,female,S,Miss.
447,0.35124729349820594,-0.47908676070718687,-0.444999501816175,-0.13012253997420703,1.0,1,male,S,Mr.
448,-1.8517331865529405,1.4416623044251486,0.7107630931786129,-0.27110106429021674,1.0,3,female,C,Miss.
449,1.7186144880127106,-0.47908676070718687,-0.444999501816175,-0.0537528084920783,1.0,1,male,S,Other
450,0.5031769817775954,0.481287771858981,1.8665256881734007,-0.1069216088910287,0.0,2,male,S,Mr.
451,-0.2593380985801533,0.481287771858981,-0.444999501816175,-0.2574047813074471,0.0,3,male,S,Mr.
452,0.04738791693942713,-0.47908676070718687,-0.444999501816175,-0.1069216088910287,0.0,1,male,C,Mr.
453,1.4907199555936266,0.481287771858981,-0.444999501816175,1.0793071959952558,1.0,1,male,C,Mr.
454,-0.2593380985801533,-0.47908676070718687,-0.444999501816175,-0.4878035608398733,0.0,3,male,S,Mr.
455,-0.028576927200267572,-0.47908676070718687,-0.444999501816175,-0.4907848804840617,1.0,3,male,C,Mr.
456,2.7061574618287416,-0.47908676070718687,-0.444999501816175,-0.13012253997420703,0.0,1,male,S,Mr.
457,0.5819976471255492,0.481287771858981,-0.444999501816175,0.3592721000615863,1.0,1,female,S,Mrs.
458,1.5666847997333213,-0.47908676070718687,-0.444999501816175,-0.44043499321171753,1.0,2,female,S,Miss.
459,-0.2593380985801533,-0.47908676070718687,-0.444999501816175,-0.4936037936106679,0.0,3,male,Q,Mr.
460,1.4147551114539318,-0.47908676070718687,-0.444999501816175,-0.13012253997420703,1.0,1,male,S,Mr.
461,0.35124729349820594,-0.47908676070718687,-0.444999501816175,-0.4878035608398733,0.0,3,male,S,Mr.
462,1.3387902673142371,-0.47908676070718687,-0.444999501816175,0.10092006539577739,0.0,1,male,S,Mr.
463,1.4147551114539318,-0.47908676070718687,-0.444999501816175,-0.39209972012176264,0.0,2,male,S,Mr.
464,-0.2593380985801533,-0.47908676070718687,-0.444999501816175,-0.4878035608398733,0.0,3,male,S,Mr.
465,0.6551066700569848,-0.47908676070718687,-0.444999501816175,-0.5071376700758553,0.0,3,male,S,Mr.
466,0.10932811232244531,-0.47908676070718687,-0.444999501816175,-0.6434431401895281,0.0,2,male,S,Mr.
467,2.0224738645714893,-0.47908676070718687,-0.444999501816175,-0.13012253997420703,0.0,1,male,S,Mr.
468,-0.2593380985801533,-0.47908676070718687,-0.444999501816175,-0.4940871463415675,0.0,3,male,Q,Mr.
469,-2.174583774146643,1.4416623044251486,0.7107630931786129,-0.27110106429021674,1.0,3,female,C,Miss.
470,-0.2593380985801533,-0.47908676070718687,-0.444999501816175,-0.5032708482286589,0.0,3,male,S,Mr.
471,0.6551066700569848,-0.47908676070718687,-0.444999501816175,-0.4759614189328344,0.0,3,male,S,Mr.
472,0.27528244935851126,0.481287771858981,1.8665256881734007,-0.1069216088910287,1.0,2,female,S,Mrs.
473,-0.4843659920384358,-0.47908676070718687,-0.444999501816175,-0.37679290583963576,1.0,2,female,C,Mrs.
474,-0.5603308361781305,-0.47908676070718687,-0.444999501816175,-0.4532438405805556,0.0,3,female,S,Miss.
475,0.8852248091720784,-0.47908676070718687,-0.444999501816175,0.36193054008153386,0.0,1,male,S,Mr.
476,0.35124729349820594,0.481287771858981,-0.444999501816175,-0.23742684623390695,0.0,2,male,S,Mr.
477,-0.028576927200267572,0.481287771858981,-0.444999501816175,-0.5072188733346464,0.0,3,male,S,Mr.
478,-0.5603308361781305,-0.47908676070718687,-0.444999501816175,-0.498035171447555,0.0,3,male,S,Mr.
479,-2.0796277189720245,-0.47908676070718687,0.7107630931786129,-0.4058752729523998,1.0,3,female,S,Miss.
480,-1.5478738099941616,4.322785902123652,1.8665256881734007,0.26332658297802586,0.0,3,male,S,Master.
481,0.10932811232244531,-0.47908676070718687,-0.444999501816175,-0.6434431401895281,0.0,2,male,S,Mr.
482,1.5666847997333213,-0.47908676070718687,-0.444999501816175,-0.4878035608398733,0.0,3,male,S,Mr.
483,2.5542277735493526,-0.47908676070718687,-0.444999501816175,-0.4580773678895511,1.0,3,female,S,Mrs.
484,-0.33243630375904637,0.481287771858981,-0.444999501816175,1.1174920617363202,1.0,1,male,C,Mr.
485,-0.5462523515767146,2.4020368369913165,0.7107630931786129,-0.15106718050954632,0.0,3,female,S,Miss.
486,0.42721213763790067,0.481287771858981,-0.444999501816175,1.0966266910488485,1.0,1,female,S,Mrs.
487,2.1744035528508787,-0.47908676070718687,-0.444999501816175,-0.06922009588086389,0.0,1,male,C,Mr.
488,0.04738791693942713,-0.47908676070718687,-0.444999501816175,-0.4878035608398733,0.0,3,male,S,Mr.
489,-1.5478738099941616,0.481287771858981,0.7107630931786129,-0.336030803337415,1.0,3,male,S,Master.
490,-0.2593380985801533,0.481287771858981,-0.444999501816175,-0.2574047813074471,0.0,3,male,S,Mr.
491,-0.6362956803178252,-0.47908676070718687,-0.444999501816175,-0.5032708482286589,0.0,3,male,S,Mr.
492,1.9465090204317947,-0.47908676070718687,-0.444999501816175,-0.0537528084920783,0.0,1,male,S,Mr.
493,3.16194652666691,-0.47908676070718687,-0.444999501816175,0.31367647025037004,0.0,1,male,C,Mr.
494,-0.6362956803178252,-0.47908676070718687,-0.444999501816175,-0.4878035608398733,0.0,3,male,S,Mr.
495,-0.2593380985801533,-0.47908676070718687,-0.444999501816175,-0.36390478862293013,0.0,3,male,C,Mr.
496,1.8705441762921,0.481287771858981,-0.444999501816175,0.8697737871503013,1.0,1,female,C,Miss.
497,-0.2593380985801533,-0.47908676070718687,-0.444999501816175,-0.3514980907262005,0.0,3,male,S,Mr.
498,-0.33243630375904637,0.481287771858981,1.8665256881734007,2.2866411145235386,0.0,1,female,S,Mrs.
499,-0.4084011478987411,-0.47908676070718687,-0.444999501816175,-0.49271829140765994,0.0,3,male,S,Mr.
500,-0.9401550568766041,-0.47908676070718687,-0.444999501816175,-0.4759614189328344,0.0,3,male,S,Mr.
501,-0.6362956803178252,-0.47908676070718687,-0.444999501816175,-0.4936037936106679,0.0,3,female,Q,Miss.
502,-0.5462523515767146,-0.47908676070718687,-0.444999501816175,-0.4959393540063745,0.0,3,female,Q,Miss.
503,0.57914182591729,-0.47908676070718687,-0.444999501816175,-0.4580773678895511,0.0,3,female,S,Miss.
504,-1.0161199010162987,-0.47908676070718687,-0.444999501816175,1.0289573087229116,1.0,1,female,S,Miss.
505,-0.8641902127369093,0.481287771858981,-0.444999501816175,1.4620413556089078,0.0,1,male,C,Other
506,0.27528244935851126,-0.47908676070718687,1.8665256881734007,-0.14075630005399714,1.0,2,female,S,Mrs.
507,0.8852248091720784,-0.47908676070718687,-0.444999501816175,-0.13012253997420703,1.0,1,male,S,Mr.
508,-0.10454177133996227,-0.47908676070718687,-0.444999501816175,-0.20794232964903447,0.0,3,male,S,Mr.
509,-0.2564714596193517,-0.47908676070718687,-0.444999501816175,0.4488528283846616,1.0,3,male,S,Mr.
510,-0.028576927200267572,-0.47908676070718687,-0.444999501816175,-0.4936037936106679,1.0,3,male,Q,Mr.
511,-0.2593380985801533,-0.47908676070718687,-0.444999501816175,-0.4878035608398733,0.0,3,male,S,Mr.
512,0.5031769817775954,-0.47908676070718687,-0.444999501816175,-0.13519774364865228,1.0,1,male,S,Mr.
513,1.8705441762921,0.481287771858981,-0.444999501816175,0.5050029484278004,1.0,1,female,C,Mrs.
514,-0.4084011478987411,-0.47908676070718687,-0.444999501816175,-0.49851852417845455,0.0,3,male,S,Mr.
515,1.3387902673142371,-0.47908676070718687,-0.444999501816175,0.014318723305967012,0.0,1,male,S,Mr.
516,0.35124729349820594,-0.47908676070718687,-0.444999501816175,-0.44043499321171753,1.0,2,female,S,Mrs.
517,-0.2593380985801533,-0.47908676070718687,-0.444999501816175,-0.17652440214056378,0.0,3,male,Q,Mr.
518,0.5031769817775954,0.481287771858981,-0.444999501816175,-0.14075630005399714,1.0,2,female,S,Mrs.
519,0.19931760521881653,-0.47908676070718687,-0.444999501816175,-0.4907848804840617,0.0,3,male,S,Mr.
520,0.04738791693942713,-0.47908676070718687,-0.444999501816175,1.1642960733747854,1.0,1,female,S,Miss.
521,-0.5603308361781305,-0.47908676070718687,-0.444999501816175,-0.4907848804840617,0.0,3,male,S,Mr.
522,-0.2593380985801533,-0.47908676070718687,-0.444999501816175,-0.5037542009595585,0.0,3,male,C,Mr.
523,1.110895734895153,-0.47908676070718687,0.7107630931786129,0.4775330460253172,1.0,1,female,C,Mrs.
524,-0.2593380985801533,-0.47908676070718687,-0.444999501816175,-0.5036729977007673,0.0,3,male,C,Mr.
525,0.8450187804062216,-0.47908676070718687,-0.444999501816175,-0.4936037936106679,0.0,3,male,Q,Mr.
526,1.5666847997333213,-0.47908676070718687,-0.444999501816175,-0.44043499321171753,1.0,2,female,S,Miss.
527,0.8852248091720784,-0.47908676070718687,-0.444999501816175,3.644460138879163,0.0,1,male,S,Mr.
528,0.7310715141966795,-0.47908676070718687,-0.444999501816175,-0.4902203244943711,0.0,3,male,S,Mr.
529,-0.4843659920384358,1.4416623044251486,0.7107630931786129,-0.4211008839757356,0.0,2,male,S,Mr.
530,-2.0796277189720245,0.481287771858981,0.7107630931786129,-0.14075630005399714,1.0,2,female,S,Miss.
531,-0.2593380985801533,-0.47908676070718687,-0.444999501816175,-0.5036729977007673,0.0,3,male,C,Mr.
532,-0.9401550568766041,0.481287771858981,0.7107630931786129,-0.5036729977007673,0.0,3,male,C,Mr.
533,-0.5462523515767146,-0.47908676070718687,1.8665256881734007,-0.21116532565867263,1.0,3,female,C,Mrs.
534,0.04738791693942713,-0.47908676070718687,-0.444999501816175,-0.4759614189328344,0.0,3,female,S,Miss.
535,-1.699803498273551,-0.47908676070718687,1.8665256881734007,-0.13592277274500164,1.0,2,female,S,Miss.
536,1.1868605790348477,-0.47908676070718687,-0.444999501816175,-0.13012253997420703,0.0,1,male,S,Other
537,0.04738791693942713,-0.47908676070718687,-0.444999501816175,1.4141894352498519,1.0,1,female,C,Miss.
538,-0.2593380985801533,-0.47908676070718687,-0.444999501816175,-0.3630985562677897,0.0,3,male,S,Mr.
539,-0.5603308361781305,-0.47908676070718687,1.8665256881734007,0.31359526699157897,1.0,1,female,C,Miss.
540,0.5031769817775954,-0.47908676070718687,1.8665256881734007,0.7292786155651911,1.0,1,female,S,Miss.
541,-1.5478738099941616,3.3624113695574844,1.8665256881734007,-0.03876887383419231,0.0,3,female,S,Miss.
542,-1.3959441217147723,3.3624113695574844,1.8665256881734007,-0.03876887383419231,0.0,3,female,S,Miss.
543,0.19931760521881653,0.481287771858981,-0.444999501816175,-0.14075630005399714,1.0,2,male,S,Mr.
544,1.5666847997333213,0.481287771858981,-0.444999501816175,1.4141894352498519,0.0,1,male,C,Mr.
545,2.630192617689047,-0.47908676070718687,-0.444999501816175,-0.14075630005399714,0.0,1,male,S,Mr.
546,-0.7882253685972146,0.481287771858981,-0.444999501816175,-0.14075630005399714,1.0,2,female,S,Mrs.
547,0.10932811232244531,-0.47908676070718687,-0.444999501816175,-0.37542405090572817,1.0,2,male,C,Other
548,0.27528244935851126,0.481287771858981,0.7107630931786129,-0.2466105481209984,0.0,3,male,S,Mr.
549,-1.6238386541338563,0.481287771858981,0.7107630931786129,0.06708537423280896,1.0,2,male,S,Master.
550,-0.9401550568766041,-0.47908676070718687,1.8665256881734007,1.5003866944566304,1.0,1,male,C,Mr.
551,-0.180506615479657,-0.47908676070718687,-0.444999501816175,-0.14075630005399714,0.0,2,male,S,Mr.
552,-0.2593380985801533,-0.47908676070718687,-0.444999501816175,-0.4920725321591782,0.0,3,male,Q,Mr.
553,-0.5603308361781305,-0.47908676070718687,-0.444999501816175,-0.5037542009595585,1.0,3,male,C,Mr.
554,-0.5603308361781305,-0.47908676070718687,-0.444999501816175,-0.4931204408797684,1.0,3,female,S,Miss.
555,2.4782629294096576,-0.47908676070718687,-0.444999501816175,-0.13012253997420703,0.0,1,male,S,Mr.
556,1.4147551114539318,0.481287771858981,-0.444999501816175,0.12218758555535758,1.0,1,female,C,Other
557,0.8852248091720784,-0.47908676070718687,-0.444999501816175,3.755550063727268,0.0,1,male,C,Mr.
558,0.7310715141966795,0.481287771858981,0.7107630931786129,0.8965186604564352,1.0,1,female,S,Mrs.
559,0.5031769817775954,0.481287771858981,-0.444999501816175,-0.30702963948344203,1.0,3,female,S,Other
560,-0.2593380985801533,-0.47908676070718687,-0.444999501816175,-0.4936037936106679,0.0,3,male,Q,Mr.
561,0.8070363583363742,-0.47908676070718687,-0.444999501816175,-0.4907848804840617,0.0,3,male,S,Mr.
562,-0.10454177133996227,-0.47908676070718687,-0.444999501816175,-0.38243266550377164,0.0,2,male,S,Mr.
563,-0.2593380985801533,-0.47908676070718687,-0.444999501816175,-0.4878035608398733,0.0,3,male,S,Mr.
564,-0.5462523515767146,-0.47908676070718687,-0.444999501816175,-0.4878035608398733,0.0,3,female,S,Miss.
565,-0.4084011478987411,1.4416623044251486,-0.444999501816175,-0.17652440214056378,0.0,3,male,S,Mr.
566,-0.7882253685972146,-0.47908676070718687,-0.444999501816175,-0.4907848804840617,0.0,3,male,S,Mr.
567,-0.028576927200267572,-0.47908676070718687,4.178050878162977,-0.2359767880412083,0.0,3,female,S,Mrs.
568,-0.2593380985801533,-0.47908676070718687,-0.444999501816175,-0.5036729977007673,0.0,3,male,C,Mr.
569,0.19931760521881653,-0.47908676070718687,-0.444999501816175,-0.4915891794282786,1.0,3,male,S,Mr.
570,2.4782629294096576,-0.47908676070718687,-0.444999501816175,-0.44043499321171753,1.0,2,male,S,Mr.
571,1.7945793321524053,1.4416623044251486,-0.444999501816175,0.35186133599143443,1.0,1,female,S,Mrs.
572,0.5031769817775954,-0.47908676070718687,-0.444999501816175,-0.13326433272505414,1.0,1,male,S,Mr.
573,-0.5462523515767146,-0.47908676070718687,-0.444999501816175,-0.4936037936106679,1.0,3,female,Q,Miss.
574,-1.0161199010162987,-0.47908676070718687,-0.444999501816175,-0.4878035608398733,0.0,3,male,S,Mr.
575,-0.7882253685972146,-0.47908676070718687,-0.444999501816175,-0.3630985562677897,0.0,3,male,S,Mr.
576,0.35124729349820594,-0.47908676070718687,-0.444999501816175,-0.39209972012176264,1.0,2,female,S,Miss.
577,0.7310715141966795,0.481287771858981,-0.444999501816175,0.43733356610186347,1.0,1,female,S,Mrs.
578,-0.5462523515767146,0.481287771858981,-0.444999501816175,-0.36390478862293013,0.0,3,female,C,Mrs.
579,0.19931760521881653,-0.47908676070718687,-0.444999501816175,-0.4902203244943711,1.0,3,male,S,Mr.
580,-0.33243630375904637,0.481287771858981,0.7107630931786129,-0.06341986311006928,1.0,2,female,S,Miss.
581,0.7310715141966795,0.481287771858981,0.7107630931786129,1.5003866944566304,1.0,1,female,C,Mrs.
582,1.8705441762921,-0.47908676070718687,-0.444999501816175,-0.14075630005399714,0.0,2,male,S,Mr.
583,0.5031769817775954,-0.47908676070718687,-0.444999501816175,0.13233799290424808,0.0,1,male,C,Mr.
584,-0.2593380985801533,-0.47908676070718687,-0.444999501816175,-0.47499471347103533,0.0,3,male,C,Mr.
585,-0.8641902127369093,-0.47908676070718687,1.8665256881734007,0.8965186604564352,1.0,1,female,S,Miss.
586,1.3387902673142371,-0.47908676070718687,-0.444999501816175,-0.3534315016497987,0.0,2,male,S,Mr.
587,2.326333241130268,0.481287771858981,0.7107630931786129,0.8878183113002432,1.0,1,male,C,Mr.
588,-0.5603308361781305,-0.47908676070718687,-0.444999501816175,-0.4878035608398733,0.0,3,male,S,Mr.
589,-0.2593380985801533,-0.47908676070718687,-0.444999501816175,-0.4878035608398733,0.0,3,male,S,Mr.
590,0.42721213763790067,-0.47908676070718687,-0.444999501816175,-0.5056876118831567,0.0,3,male,S,Mr.
591,1.7186144880127106,0.481287771858981,-0.444999501816175,0.8697737871503013,1.0,1,female,C,Mrs.
592,1.3387902673142371,-0.47908676070718687,-0.444999501816175,-0.5032708482286589,0.0,3,male,S,Mr.
593,-0.5462523515767146,-0.47908676070718687,1.8665256881734007,-0.4936037936106679,0.0,3,female,Q,Miss.
594,0.57914182591729,0.481287771858981,-0.444999501816175,-0.14075630005399714,0.0,2,male,S,Mr.
595,0.5031769817775954,0.481287771858981,0.7107630931786129,-0.17652440214056378,0.0,3,male,S,Other
596,-0.14258319523050053,-0.47908676070718687,-0.444999501816175,-0.005417535402123399,1.0,2,female,S,Miss.
597,1.4907199555936266,-0.47908676070718687,-0.444999501816175,-0.6434431401895281,0.0,3,male,S,Mr.
598,-0.2593380985801533,-0.47908676070718687,-0.444999501816175,-0.5037542009595585,0.0,3,male,C,Mr.
599,1.4907199555936266,0.481287771858981,-0.444999501816175,0.4572322313275362,1.0,1,male,C,Other
600,-0.4084011478987411,1.4416623044251486,0.7107630931786129,-0.12142219081801517,1.0,2,female,S,Mrs.
601,-0.2593380985801533,-0.47908676070718687,-0.444999501816175,-0.4907848804840617,0.0,3,male,S,Mr.
602,0.8852248091720784,-0.47908676070718687,-0.444999501816175,0.17632309141610703,0.0,1,male,S,Mr.
603,1.110895734895153,-0.47908676070718687,-0.444999501816175,-0.4878035608398733,0.0,3,male,S,Mr.
604,0.42721213763790067,-0.47908676070718687,-0.444999501816175,-0.13012253997420703,1.0,1,male,C,Mr.
605,0.5031769817775954,0.481287771858981,-0.444999501816175,-0.34279774157000864,0.0,3,male,S,Mr.
606,0.04738791693942713,-0.47908676070718687,-0.444999501816175,-0.4907848804840617,0.0,3,male,S,Mr.
607,-0.180506615479657,-0.47908676070718687,-0.444999501816175,-0.0537528084920783,1.0,1,male,S,Mr.
608,-0.5603308361781305,0.481287771858981,1.8665256881734007,0.16045365455521304,1.0,2,female,C,Mrs.
609,0.8070363583363742,-0.47908676070718687,-0.444999501816175,2.323617598437354,1.0,1,female,S,Miss.
610,0.7310715141966795,0.481287771858981,5.333813473157765,-0.03876887383419231,0.0,3,female,S,Mrs.
611,-0.2593380985801533,-0.47908676070718687,-0.444999501816175,-0.5071376700758553,0.0,3,male,S,Mr.
612,-0.5462523515767146,0.481287771858981,-0.444999501816175,-0.34376444703180775,1.0,3,female,Q,Miss.
613,-0.2593380985801533,-0.47908676070718687,-0.444999501816175,-0.4936037936106679,0.0,3,male,Q,Mr.
614,0.42721213763790067,-0.47908676070718687,-0.444999501816175,-0.4878035608398733,0.0,3,male,S,Mr.
615,-0.4084011478987411,0.481287771858981,1.8665256881734007,0.6132739601492994,1.0,2,female,S,Miss.
616,0.35124729349820594,0.481287771858981,0.7107630931786129,-0.3650319671913879,0.0,3,male,S,Mr.
617,-0.2564714596193517,0.481287771858981,-0.444999501816175,-0.33216398149021853,0.0,3,female,S,Mrs.
618,-1.9276980306926352,1.4416623044251486,0.7107630931786129,0.11058712001376837,1.0,2,female,S,Miss.
619,-0.2564714596193517,-0.47908676070718687,-0.444999501816175,-0.44043499321171753,0.0,2,male,S,Mr.
620,-0.180506615479657,0.481287771858981,-0.444999501816175,-0.3639840584707977,0.0,3,male,C,Mr.
621,0.9589660466157636,0.481287771858981,-0.444999501816175,0.3726455034201151,1.0,1,male,S,Mr.
622,-0.71226052445752,0.481287771858981,0.7107630931786129,-0.3390913928294709,1.0,3,male,C,Mr.
623,-0.6362956803178252,-0.47908676070718687,-0.444999501816175,-0.4915891794282786,0.0,3,male,S,Mr.
624,-0.6362956803178252,-0.47908676070718687,-0.444999501816175,-0.33216398149021853,0.0,3,male,S,Mr.
625,2.402298085269963,-0.47908676070718687,-0.444999501816175,-0.018549262395202378,0.0,1,male,S,Mr.
626,2.098438708711184,-0.47908676070718687,-0.444999501816175,-0.40466689112515086,0.0,2,male,Q,Other
627,-0.6362956803178252,-0.47908676070718687,-0.444999501816175,0.8638111478619244,1.0,1,female,S,Miss.
628,-0.2564714596193517,-0.47908676070718687,-0.444999501816175,-0.4907848804840617,0.0,3,male,S,Mr.
629,-0.2593380985801533,-0.47908676070718687,-0.444999501816175,-0.49392667323490885,0.0,3,male,Q,Mr.
630,3.8456301239241624,-0.47908676070718687,-0.444999501816175,-0.06341986311006928,1.0,1,male,S,Mr.
631,1.642649643873016,-0.47908676070718687,-0.444999501816175,-0.5070564668170642,0.0,3,male,S,Mr.
632,0.19931760521881653,-0.47908676070718687,-0.444999501816175,-0.0537528084920783,1.0,1,male,C,Other
633,0.8852248091720784,-0.47908676070718687,-0.444999501816175,-0.6434431401895281,0.0,1,male,S,Mr.
634,-1.5478738099941616,2.4020368369913165,1.8665256881734007,-0.10402149250563143,0.0,3,female,S,Miss.
635,-0.10454177133996227,-0.47908676070718687,-0.444999501816175,-0.39209972012176264,1.0,2,female,S,Miss.
636,0.19931760521881653,-0.47908676070718687,-0.444999501816175,-0.4902203244943711,0.0,3,male,S,Mr.
637,0.12335276107912184,0.481287771858981,0.7107630931786129,-0.13592277274500164,0.0,2,male,S,Mr.
638,0.8830012024760688,-0.47908676070718687,5.333813473157765,0.12387932011350597,0.0,3,female,S,Mrs.
639,-0.2593380985801533,0.481287771858981,-0.444999501816175,-0.33216398149021853,0.0,3,male,S,Mr.
640,-0.71226052445752,-0.47908676070718687,-0.444999501816175,-0.4915891794282786,0.0,3,male,S,Mr.
641,-0.4084011478987411,-0.47908676070718687,-0.444999501816175,0.6964106298640218,1.0,1,female,C,Other
642,-2.0796277189720245,2.4020368369913165,1.8665256881734007,-0.10402149250563143,0.0,3,female,S,Miss.
643,-0.2593380985801533,-0.47908676070718687,-0.444999501816175,0.4488528283846616,1.0,3,male,S,Mr.
644,-2.174583774146643,1.4416623044251486,0.7107630931786129,-0.27110106429021674,1.0,3,female,C,Miss.
645,1.4147551114539318,0.481287771858981,-0.444999501816175,0.8400475941999791,1.0,1,male,C,Mr.
646,-0.7882253685972146,-0.47908676070718687,-0.444999501816175,-0.4907848804840617,0.0,3,male,S,Mr.
647,2.0224738645714893,-0.47908676070718687,-0.444999501816175,0.042917737687831505,1.0,1,male,C,Other
648,-0.2593380985801533,-0.47908676070718687,-0.444999501816175,-0.4974706154578643,0.0,3,male,S,Mr.
649,-0.4843659920384358,-0.47908676070718687,-0.444999501816175,-0.4974706154578643,1.0,3,female,S,Miss.
650,-0.2593380985801533,-0.47908676070718687,-0.444999501816175,-0.4907848804840617,0.0,3,male,S,Mr.
651,-0.8641902127369093,-0.47908676070718687,0.7107630931786129,-0.19875862776194303,1.0,2,female,S,Miss.
652,-0.6362956803178252,-0.47908676070718687,-0.444999501816175,-0.48039279676972146,0.0,3,male,S,Mr.
653,-0.5462523515767146,-0.47908676070718687,-0.444999501816175,-0.4920725321591782,1.0,3,female,Q,Miss.
654,-0.8641902127369093,-0.47908676070718687,-0.444999501816175,-0.5129379028466499,0.0,3,female,Q,Miss.
655,-0.4084011478987411,1.4416623044251486,-0.444999501816175,0.777613888655146,0.0,2,male,S,Mr.
656,-0.2593380985801533,-0.47908676070718687,-0.444999501816175,-0.4907848804840617,0.0,3,male,S,Mr.
657,0.19931760521881653,0.481287771858981,0.7107630931786129,-0.34376444703180775,0.0,3,female,Q,Mrs.
658,-0.4843659920384358,-0.47908676070718687,-0.444999501816175,-0.39209972012176264,0.0,2,male,S,Mr.
659,2.1744035528508787,-0.47908676070718687,1.8665256881734007,1.5466280835163289,0.0,1,male,C,Mr.
660,1.5666847997333213,1.4416623044251486,-0.444999501816175,1.9405605591994612,1.0,1,male,S,Other
661,0.8070363583363742,-0.47908676070718687,-0.444999501816175,-0.5037542009595585,0.0,3,male,C,Mr.
662,1.3387902673142371,-0.47908676070718687,-0.444999501816175,-0.14873162011383972,0.0,1,male,S,Mr.
663,0.5031769817775954,-0.47908676070718687,-0.444999501816175,-0.49851852417845455,0.0,3,male,S,Mr.
664,-0.71226052445752,0.481287771858981,-0.444999501816175,-0.4902203244943711,1.0,3,male,S,Mr.
665,0.19931760521881653,1.4416623044251486,-0.444999501816175,0.777613888655146,0.0,2,male,S,Mr.
666,-0.33243630375904637,-0.47908676070718687,-0.444999501816175,-0.39209972012176264,0.0,2,male,S,Mr.
667,-0.2593380985801533,-0.47908676070718687,-0.444999501816175,-0.4931204408797684,0.0,3,male,S,Mr.
668,1.0349308907554582,-0.47908676070718687,-0.444999501816175,-0.4878035608398733,0.0,3,male,S,Mr.
669,0.5819976471255492,0.481287771858981,-0.444999501816175,0.36193054008153386,1.0,1,female,S,Mrs.
670,0.8070363583363742,0.481287771858981,0.7107630931786129,0.11058712001376837,1.0,2,female,S,Mrs.
671,0.12335276107912184,0.481287771858981,-0.444999501816175,0.36193054008153386,0.0,1,male,S,Mr.
672,3.0859816825272155,-0.47908676070718687,-0.444999501816175,-0.44043499321171753,0.0,2,male,S,Mr.
673,0.12335276107912184,-0.47908676070718687,-0.444999501816175,-0.39209972012176264,1.0,2,male,S,Mr.
674,0.10932811232244531,-0.47908676070718687,-0.444999501816175,-0.6434431401895281,0.0,2,male,S,Mr.
675,-0.8641902127369093,-0.47908676070718687,-0.444999501816175,-0.4931204408797684,0.0,3,male,S,Mr.
676,-0.37041872582889374,-0.47908676070718687,-0.444999501816175,-0.4878035608398733,0.0,3,male,S,Mr.
677,-0.8641902127369093,-0.47908676070718687,-0.444999501816175,-0.4531626373217645,1.0,3,female,S,Miss.
678,1.0349308907554582,0.481287771858981,6.4895760681525525,0.26332658297802586,0.0,3,female,S,Mrs.
679,0.5031769817775954,-0.47908676070718687,0.7107630931786129,9.261985577393721,1.0,1,male,C,Mr.
680,-0.5462523515767146,-0.47908676070718687,-0.444999501816175,-0.48611182628172495,0.0,3,female,Q,Miss.
681,-0.180506615479657,-0.47908676070718687,-0.444999501816175,0.8400475941999791,1.0,1,male,C,Mr.
682,-0.71226052445752,-0.47908676070718687,-0.444999501816175,-0.46508598248759453,0.0,3,male,S,Mr.
683,-1.1680495892956881,4.322785902123652,1.8665256881734007,0.26332658297802586,0.0,3,male,S,Mr.
684,2.326333241130268,0.481287771858981,0.7107630931786129,0.11058712001376837,0.0,2,male,S,Mr.
685,-0.33243630375904637,0.481287771858981,1.8665256881734007,0.16045365455521304,0.0,2,male,C,Mr.
686,-1.1680495892956881,3.3624113695574844,0.7107630931786129,0.12387932011350597,0.0,3,male,S,Mr.
687,-0.7882253685972146,-0.47908676070718687,-0.444999501816175,-0.4467997819722028,0.0,3,male,S,Mr.
688,-0.8641902127369093,-0.47908676070718687,-0.444999501816175,-0.49271829140765994,0.0,3,male,S,Mr.
689,-1.0920847451559934,-0.47908676070718687,0.7107630931786129,3.44257917046981,1.0,1,female,S,Miss.
690,0.12335276107912184,0.481287771858981,-0.444999501816175,0.4586010862614437,1.0,1,male,S,Mr.
691,-1.9276980306926352,-0.47908676070718687,0.7107630931786129,-0.384043196803129,1.0,3,female,C,Miss.
692,-0.2593380985801533,-0.47908676070718687,-0.444999501816175,0.4488528283846616,1.0,3,male,S,Mr.
693,-0.33243630375904637,-0.47908676070718687,-0.444999501816175,-0.5037542009595585,0.0,3,male,C,Mr.
694,2.326333241130268,-0.47908676070718687,-0.444999501816175,-0.13012253997420703,0.0,1,male,S,Other
695,1.7186144880127106,-0.47908676070718687,-0.444999501816175,-0.38243266550377164,0.0,2,male,S,Mr.
696,1.110895734895153,-0.47908676070718687,-0.444999501816175,-0.4878035608398733,0.0,3,male,S,Mr.
697,-0.5462523515767146,-0.47908676070718687,-0.444999501816175,-0.49392667323490885,1.0,3,female,Q,Miss.
698,1.4907199555936266,0.481287771858981,0.7107630931786129,1.5003866944566304,0.0,1,male,C,Mr.
699,0.9589660466157636,-0.47908676070718687,-0.444999501816175,-0.49553720453426614,0.0,3,male,S,Mr.
700,-0.8641902127369093,0.481287771858981,-0.444999501816175,3.755550063727268,1.0,1,female,C,Mrs.
701,0.42721213763790067,-0.47908676070718687,-0.444999501816175,-0.13519774364865228,1.0,1,male,S,Mr.
702,-0.8641902127369093,-0.47908676070718687,0.7107630931786129,-0.3639840584707977,0.0,3,female,C,Miss.
703,-0.33243630375904637,-0.47908676070718687,-0.444999501816175,-0.49376426671732654,0.0,3,male,Q,Mr.
704,-0.2564714596193517,0.481287771858981,-0.444999501816175,-0.4915891794282786,0.0,3,male,S,Mr.
705,0.7310715141966795,-0.47908676070718687,-0.444999501816175,-0.14075630005399714,0.0,2,male,S,Mr.
706,1.1868605790348477,-0.47908676070718687,-0.444999501816175,-0.38243266550377164,1.0,2,female,S,Mrs.
707,0.9589660466157636,-0.47908676070718687,-0.444999501816175,-0.13519774364865228,1.0,1,male,S,Mr.
708,-0.5603308361781305,-0.47908676070718687,-0.444999501816175,2.2866411145235386,1.0,1,female,S,Miss.
709,-0.2593380985801533,0.481287771858981,0.7107630931786129,-0.3486791775995944,1.0,3,male,C,Master.
710,-0.4084011478987411,-0.47908676070718687,-0.444999501816175,0.31367647025037004,1.0,1,female,C,Other
711,0.8852248091720784,-0.47908676070718687,-0.444999501816175,-0.13012253997420703,0.0,1,male,S,Mr.
712,1.4147551114539318,0.481287771858981,-0.444999501816175,0.36193054008153386,1.0,1,male,S,Mr.
713,-0.028576927200267572,-0.47908676070718687,-0.444999501816175,-0.4600919820719404,0.0,3,male,S,Mr.
714,1.7186144880127106,-0.47908676070718687,-0.444999501816175,-0.39209972012176264,0.0,2,male,S,Mr.
715,-0.7882253685972146,-0.47908676070718687,-0.444999501816175,-0.49553720453426614,0.0,3,male,S,Mr.
716,0.6551066700569848,-0.47908676070718687,-0.444999501816175,3.755550063727268,1.0,1,female,C,Miss.
717,-0.180506615479657,-0.47908676070718687,-0.444999501816175,-0.44043499321171753,1.0,2,female,S,Miss.
718,-0.2593380985801533,-0.47908676070718687,-0.444999501816175,-0.34376444703180775,0.0,3,male,Q,Mr.
719,0.27528244935851126,-0.47908676070718687,-0.444999501816175,-0.4931204408797684,0.0,3,male,S,Mr.
720,-1.7757683424132458,-0.47908676070718687,0.7107630931786129,-0.005417535402123399,1.0,2,female,S,Miss.
721,-0.9401550568766041,0.481287771858981,-0.444999501816175,-0.5070564668170642,0.0,3,male,S,Mr.
722,0.35124729349820594,-0.47908676070718687,-0.444999501816175,-0.39209972012176264,0.0,2,male,S,Mr.
723,1.5666847997333213,-0.47908676070718687,-0.444999501816175,-0.39209972012176264,0.0,2,male,S,Mr.
724,-0.180506615479657,0.481287771858981,-0.444999501816175,0.3831980602411141,1.0,1,male,S,Mr.
725,-0.71226052445752,-0.47908676070718687,-0.444999501816175,-0.4759614189328344,0.0,3,male,S,Mr.
726,0.04738791693942713,2.4020368369913165,-0.444999501816175,-0.23742684623390695,1.0,2,female,S,Mrs.
727,-0.5462523515767146,-0.47908676070718687,-0.444999501816175,-0.49384546997611767,1.0,3,female,Q,Miss.
728,-0.33243630375904637,0.481287771858981,-0.444999501816175,-0.14075630005399714,0.0,2,male,S,Mr.
729,-0.33243630375904637,0.481287771858981,-0.444999501816175,-0.4902203244943711,0.0,3,female,S,Miss.
730,-0.028576927200267572,-0.47908676070718687,-0.444999501816175,3.44257917046981,1.0,1,female,S,Miss.
731,-1.3959441217147723,-0.47908676070718687,-0.444999501816175,-0.280203562918517,0.0,3,male,C,Mr.
732,0.10932811232244531,-0.47908676070718687,-0.444999501816175,-0.6434431401895281,0.0,2,male,S,Mr.
733,-0.4843659920384358,-0.47908676070718687,-0.444999501816175,-0.39209972012176264,0.0,2,male,S,Mr.
734,-0.4843659920384358,-0.47908676070718687,-0.444999501816175,-0.39209972012176264,0.0,2,male,S,Mr.
735,-0.06655934927011492,-0.47908676070718687,-0.444999501816175,-0.33216398149021853,0.0,3,male,S,Mr.
736,1.4147551114539318,0.481287771858981,3.022288283168189,0.0211668647973518,0.0,3,female,S,Mrs.
737,0.42721213763790067,-0.47908676070718687,-0.444999501816175,9.261985577393721,1.0,1,male,C,Mr.
738,-0.2593380985801533,-0.47908676070718687,-0.444999501816175,-0.4907848804840617,0.0,3,male,S,Mr.
739,-0.2593380985801533,-0.47908676070718687,-0.444999501816175,-0.4907848804840617,0.0,3,male,S,Mr.
740,0.8852248091720784,-0.47908676070718687,-0.444999501816175,-0.06341986311006928,1.0,1,male,S,Mr.
741,0.5031769817775954,0.481287771858981,-0.444999501816175,0.8810513730676495,0.0,1,male,S,Mr.
742,-0.6362956803178252,1.4416623044251486,1.8665256881734007,4.429343770601239,1.0,1,female,C,Miss.
743,-0.4084011478987411,0.481287771858981,-0.444999501816175,-0.33216398149021853,0.0,3,male,S,Mr.
744,0.12335276107912184,-0.47908676070718687,-0.444999501816175,-0.4902203244943711,1.0,3,male,S,Mr.
745,3.0859816825272155,0.481287771858981,0.7107630931786129,0.7292786155651911,0.0,1,male,S,Other
746,-1.0161199010162987,0.481287771858981,0.7107630931786129,-0.2519274281608934,0.0,3,male,S,Mr.
747,0.04738791693942713,-0.47908676070718687,-0.444999501816175,-0.39209972012176264,1.0,2,female,S,Miss.
748,-0.7882253685972146,0.481287771858981,-0.444999501816175,0.3831980602411141,0.0,1,male,S,Mr.
749,0.12335276107912184,-0.47908676070718687,-0.444999501816175,-0.4936037936106679,0.0,3,male,Q,Mr.
750,-1.9276980306926352,0.481287771858981,0.7107630931786129,-0.19875862776194303,1.0,2,female,S,Miss.
751,-1.7757683424132458,-0.47908676070718687,0.7107630931786129,-0.40225012747065314,1.0,3,male,S,Master.
752,0.27528244935851126,-0.47908676070718687,-0.444999501816175,-0.4597691024476995,0.0,3,male,S,Other
753,-0.4843659920384358,-0.47908676070718687,-0.444999501816175,-0.4907848804840617,0.0,3,male,S,Mr.
754,1.4147551114539318,0.481287771858981,1.8665256881734007,0.6132739601492994,1.0,2,female,S,Mrs.
755,-2.1806609616778183,0.481287771858981,0.7107630931786129,-0.3630985562677897,1.0,2,male,S,Master.
756,-0.10454177133996227,-0.47908676070718687,-0.444999501816175,-0.49271829140765994,0.0,3,male,S,Mr.
757,-0.8641902127369093,-0.47908676070718687,-0.444999501816175,-0.4211008839757356,0.0,2,male,S,Mr.
758,0.35124729349820594,-0.47908676070718687,-0.444999501816175,-0.4878035608398733,0.0,3,male,S,Mr.
759,0.27528244935851126,-0.47908676070718687,-0.444999501816175,1.0289573087229116,1.0,1,female,S,Other
760,-0.2593380985801533,-0.47908676070718687,-0.444999501816175,-0.3630985562677897,0.0,3,male,S,Mr.
761,0.8830012024760688,-0.47908676070718687,-0.444999501816175,-0.5056876118831567,0.0,3,male,S,Mr.
762,-0.71226052445752,-0.47908676070718687,-0.444999501816175,-0.5036729977007673,1.0,3,male,C,Mr.
763,0.5031769817775954,0.481287771858981,1.8665256881734007,1.6766499681283074,1.0,1,female,S,Mrs.
764,-1.0161199010162987,-0.47908676070718687,-0.444999501816175,-0.4931204408797684,0.0,3,male,S,Mr.
765,1.642649643873016,0.481287771858981,-0.444999501816175,0.8638111478619244,1.0,1,female,S,Mrs.
766,0.8852248091720784,-0.47908676070718687,-0.444999501816175,0.12218758555535758,0.0,1,male,C,Other
767,0.08537033900927449,-0.47908676070718687,-0.444999501816175,-0.4936037936106679,0.0,3,female,Q,Miss.
768,-0.2593380985801533,0.481287771858981,-0.444999501816175,-0.17652440214056378,0.0,3,male,Q,Mr.
769,0.19931760521881653,-0.47908676070718687,-0.444999501816175,-0.48176165170362895,0.0,3,male,S,Mr.
770,-0.4084011478987411,-0.47908676070718687,-0.444999501816175,-0.4597691024476995,0.0,3,male,S,Mr.
771,1.4147551114539318,-0.47908676070718687,-0.444999501816175,-0.4915891794282786,0.0,3,male,S,Mr.
772,2.098438708711184,-0.47908676070718687,-0.444999501816175,-0.44043499321171753,0.0,2,female,S,Mrs.
773,-0.2593380985801533,-0.47908676070718687,-0.444999501816175,-0.5037542009595585,0.0,3,male,C,Mr.
774,1.8705441762921,0.481287771858981,3.022288283168189,-0.19875862776194303,1.0,2,female,S,Mrs.
775,-0.8641902127369093,-0.47908676070718687,-0.444999501816175,-0.4936037936106679,0.0,3,male,S,Mr.
776,-0.2593380985801533,-0.47908676070718687,-0.444999501816175,-0.4936037936106679,0.0,3,male,Q,Mr.
777,-1.8517331865529405,-0.47908676070718687,-0.444999501816175,-0.40225012747065314,1.0,3,female,S,Miss.
778,-0.2593380985801533,-0.47908676070718687,-0.444999501816175,-0.49384546997611767,0.0,3,male,Q,Mr.
779,1.0349308907554582,-0.47908676070718687,0.7107630931786129,3.44257917046981,1.0,1,female,S,Mrs.
780,-1.2440144334353829,-0.47908676070718687,-0.444999501816175,-0.5036729977007673,1.0,3,female,C,Miss.
781,-0.9401550568766041,0.481287771858981,-0.444999501816175,0.4586010862614437,1.0,1,female,S,Mrs.
782,-0.028576927200267572,-0.47908676070718687,-0.444999501816175,-0.06341986311006928,0.0,1,male,S,Mr.
783,-0.2593380985801533,0.481287771858981,1.8665256881734007,-0.19005827860575114,0.0,3,male,S,Mr.
784,-0.33243630375904637,-0.47908676070718687,-0.444999501816175,-0.5071376700758553,0.0,3,male,S,Mr.
785,-0.33243630375904637,-0.47908676070718687,-0.444999501816175,-0.5032708482286589,0.0,3,male,S,Mr.
786,-0.8641902127369093,-0.47908676070718687,-0.444999501816175,-0.49851852417845455,1.0,3,female,S,Miss.
787,-1.6238386541338563,3.3624113695574844,0.7107630931786129,-0.0803372086915535,0.0,3,male,Q,Master.
788,-2.1555925631117194,0.481287771858981,1.8665256881734007,-0.24564384265919928,1.0,3,male,S,Master.
789,1.2628254231745424,-0.47908676070718687,-0.444999501816175,0.8878183113002432,0.0,1,male,C,Mr.
790,-0.2593380985801533,-0.47908676070718687,-0.444999501816175,-0.4936037936106679,0.0,3,male,Q,Mr.
791,-1.0161199010162987,-0.47908676070718687,-0.444999501816175,-0.14075630005399714,0.0,2,male,S,Mr.
792,-0.5462523515767146,7.203909499822155,1.8665256881734007,0.7012441571730172,0.0,3,female,S,Miss.
793,0.8852248091720784,-0.47908676070718687,-0.444999501816175,-0.04996718990367307,0.0,1,male,C,Mr.
794,-0.33243630375904637,-0.47908676070718687,-0.444999501816175,-0.4907848804840617,0.0,3,male,S,Mr.
795,0.7310715141966795,-0.47908676070718687,-0.444999501816175,-0.39209972012176264,0.0,2,male,S,Mr.
796,1.4907199555936266,-0.47908676070718687,-0.444999501816175,-0.14212515498790462,1.0,1,female,S,Other
797,0.12335276107912184,-0.47908676070718687,-0.444999501816175,-0.47555926946072596,1.0,3,female,S,Mrs.
798,0.04738791693942713,-0.47908676070718687,-0.444999501816175,-0.5036729977007673,0.0,3,male,C,Other
799,0.04738791693942713,0.481287771858981,0.7107630931786129,-0.17652440214056378,0.0,3,female,S,Other
800,0.35124729349820594,-0.47908676070718687,-0.444999501816175,-0.39209972012176264,0.0,2,male,S,Mr.
801,0.12335276107912184,0.481287771858981,0.7107630931786129,-0.13592277274500164,1.0,2,female,S,Mrs.
802,-1.3959441217147723,0.481287771858981,1.8665256881734007,1.6766499681283074,1.0,1,male,S,Master.
803,-2.1996521727127423,-0.47908676070718687,0.7107630931786129,-0.47878033205944054,1.0,3,male,C,Master.
804,-0.180506615479657,-0.47908676070718687,-0.444999501816175,-0.5085877282685539,1.0,3,male,S,Mr.
805,0.12335276107912184,-0.47908676070718687,-0.444999501816175,-0.4931204408797684,0.0,3,male,S,Mr.
806,0.7310715141966795,-0.47908676070718687,-0.444999501816175,-0.6434431401895281,0.0,1,male,S,Mr.
807,-0.8641902127369093,-0.47908676070718687,-0.444999501816175,-0.4931204408797684,0.0,3,female,S,Miss.
808,0.7310715141966795,-0.47908676070718687,-0.444999501816175,-0.39209972012176264,0.0,2,male,S,Mr.
809,0.27528244935851126,0.481287771858981,-0.444999501816175,0.3831980602411141,1.0,1,female,S,Mrs.
810,-0.2564714596193517,-0.47908676070718687,-0.444999501816175,-0.49094535359072045,0.0,3,male,S,Mr.
811,0.7310715141966795,-0.47908676070718687,-0.444999501816175,-0.17652440214056378,0.0,3,male,S,Mr.
812,0.42721213763790067,-0.47908676070718687,-0.444999501816175,-0.44043499321171753,0.0,2,male,S,Mr.
813,-1.7757683424132458,3.3624113695574844,1.8665256881734007,-0.03876887383419231,0.0,3,female,S,Miss.
814,0.08537033900927449,-0.47908676070718687,-0.444999501816175,-0.4878035608398733,0.0,3,male,S,Mr.
815,0.8852248091720784,-0.47908676070718687,-0.444999501816175,-0.6434431401895281,0.0,1,male,S,Mr.
816,-0.4843659920384358,-0.47908676070718687,-0.444999501816175,-0.4902203244943711,0.0,3,female,S,Miss.
817,0.12335276107912184,0.481287771858981,0.7107630931786129,0.07200010480059552,0.0,2,male,C,Mr.
818,1.0349308907554582,-0.47908676070718687,-0.444999501816175,-0.5187381356174445,0.0,3,male,S,Mr.
819,-1.471908965854467,2.4020368369913165,1.8665256881734007,-0.10402149250563143,0.0,3,male,S,Master.
820,1.7186144880127106,0.481287771858981,0.7107630931786129,1.1642960733747854,1.0,1,female,S,Mrs.
821,-0.180506615479657,-0.47908676070718687,-0.444999501816175,-0.4759614189328344,1.0,3,male,S,Mr.
822,0.6551066700569848,-0.47908676070718687,-0.444999501816175,-0.6434431401895281,0.0,1,male,S,Other
823,-0.180506615479657,-0.47908676070718687,0.7107630931786129,-0.40225012747065314,1.0,3,female,S,Mrs.
824,-2.0796277189720245,3.3624113695574844,0.7107630931786129,0.12387932011350597,0.0,3,male,S,Master.
825,-0.2593380985801533,-0.47908676070718687,-0.444999501816175,-0.5090710809994535,0.0,3,male,Q,Mr.
826,-0.2593380985801533,-0.47908676070718687,-0.444999501816175,0.4488528283846616,0.0,3,male,S,Mr.
827,-2.1555925631117194,-0.47908676070718687,1.8665256881734007,0.07200010480059552,1.0,2,male,C,Master.
828,-0.2593380985801533,-0.47908676070718687,-0.444999501816175,-0.4936037936106679,1.0,3,male,Q,Mr.
829,2.4782629294096576,-0.47908676070718687,-0.444999501816175,0.9032855986890288,1.0,1,female,S,Mrs.
830,-1.0920847451559934,0.481287771858981,-0.444999501816175,-0.3639840584707977,1.0,3,female,C,Mrs.
831,-2.1685065866154676,0.481287771858981,0.7107630931786129,-0.28092859201486636,1.0,2,male,S,Master.
832,-0.2593380985801533,-0.47908676070718687,-0.444999501816175,-0.5036729977007673,0.0,3,male,C,Mr.
833,-0.4843659920384358,-0.47908676070718687,-0.444999501816175,-0.4915891794282786,0.0,3,male,S,Mr.
834,-0.8641902127369093,-0.47908676070718687,-0.444999501816175,-0.48297003353087786,0.0,3,male,S,Mr.
835,0.7310715141966795,0.481287771858981,0.7107630931786129,0.9643485158890306,1.0,1,female,C,Miss.
836,-0.6362956803178252,-0.47908676070718687,-0.444999501816175,-0.4759614189328344,0.0,3,male,S,Mr.
837,-0.2593380985801533,-0.47908676070718687,-0.444999501816175,-0.4878035608398733,0.0,3,male,S,Mr.
838,0.19931760521881653,-0.47908676070718687,-0.444999501816175,0.4488528283846616,1.0,3,male,S,Mr.
839,0.8852248091720784,-0.47908676070718687,-0.444999501816175,-0.06922009588086389,1.0,1,male,C,Mr.
840,-0.71226052445752,-0.47908676070718687,-0.444999501816175,-0.4902203244943711,0.0,3,male,S,Mr.
841,-1.0161199010162987,-0.47908676070718687,-0.444999501816175,-0.44043499321171753,0.0,2,male,S,Mr.
842,0.04738791693942713,-0.47908676070718687,-0.444999501816175,-0.04408575387408732,1.0,1,female,C,Miss.
843,0.3892297155680533,-0.47908676070718687,-0.444999501816175,-0.5189798119828942,0.0,3,male,C,Mr.
844,-0.9401550568766041,-0.47908676070718687,-0.444999501816175,-0.4759614189328344,0.0,3,male,S,Mr.
845,0.9589660466157636,-0.47908676070718687,-0.444999501816175,-0.4974706154578643,0.0,3,male,S,Mr.
846,-0.2593380985801533,7.203909499822155,1.8665256881734007,0.7012441571730172,0.0,3,male,S,Mr.
847,0.42721213763790067,-0.47908676070718687,-0.444999501816175,-0.4907848804840617,0.0,3,male,C,Mr.
848,-0.10454177133996227,-0.47908676070718687,0.7107630931786129,-0.005417535402123399,0.0,2,male,S,Other
849,0.5819976471255492,0.481287771858981,-0.444999501816175,1.0793071959952558,1.0,1,female,C,Mrs.
850,-1.9276980306926352,3.3624113695574844,1.8665256881734007,-0.03876887383419231,0.0,3,male,S,Master.
851,3.389841059085994,-0.47908676070718687,-0.444999501816175,-0.4931204408797684,0.0,3,male,S,Mr.
852,-1.5478738099941616,0.481287771858981,0.7107630931786129,-0.3486791775995944,0.0,3,female,C,Miss.
853,-1.0161199010162987,-0.47908676070718687,0.7107630931786129,0.11832076370816112,1.0,1,female,S,Miss.
854,1.110895734895153,0.481287771858981,-0.444999501816175,-0.14075630005399714,0.0,2,female,S,Mrs.
855,-0.8641902127369093,-0.47908676070718687,0.7107630931786129,-0.46266921883309675,1.0,3,female,S,Mrs.
856,1.1868605790348477,0.481287771858981,0.7107630931786129,2.5441076469863395,1.0,1,female,S,Mrs.
857,1.642649643873016,-0.47908676070718687,-0.444999501816175,-0.13012253997420703,1.0,1,male,S,Mr.
858,-0.4084011478987411,-0.47908676070718687,3.022288283168189,-0.27110106429021674,1.0,3,female,C,Mrs.
859,-0.2593380985801533,-0.47908676070718687,-0.444999501816175,-0.5036729977007673,0.0,3,male,C,Mr.
860,0.8830012024760688,1.4416623044251486,-0.444999501816175,-0.37067172685552385,0.0,3,male,S,Mr.
861,-0.6362956803178252,0.481287771858981,-0.444999501816175,-0.4211008839757356,0.0,2,male,S,Mr.
862,1.4147551114539318,-0.47908676070718687,-0.444999501816175,-0.14212515498790462,1.0,1,female,S,Mrs.
863,-0.5462523515767146,7.203909499822155,1.8665256881734007,0.7012441571730172,0.0,3,female,S,Miss.
864,-0.4084011478987411,-0.47908676070718687,-0.444999501816175,-0.39209972012176264,0.0,2,male,S,Mr.
865,0.9589660466157636,-0.47908676070718687,-0.444999501816175,-0.39209972012176264,1.0,2,female,S,Mrs.
866,-0.180506615479657,0.481287771858981,-0.444999501816175,-0.3755052541645193,1.0,2,female,C,Other
867,0.12335276107912184,-0.47908676070718687,-0.444999501816175,0.33284817296876984,0.0,1,male,S,Mr.
868,-0.2593380985801533,-0.47908676070718687,-0.444999501816175,-0.4597691024476995,0.0,3,male,S,Other
869,-1.9276980306926352,0.481287771858981,0.7107630931786129,-0.4281907018325702,1.0,3,male,S,Master.
870,-0.2564714596193517,-0.47908676070718687,-0.444999501816175,-0.4907848804840617,0.0,3,male,S,Mr.
871,1.3387902673142371,0.481287771858981,0.7107630931786129,0.3726455034201151,1.0,1,female,S,Mrs.
872,0.27528244935851126,-0.47908676070718687,-0.444999501816175,-0.5467725940096183,0.0,1,male,S,Mr.
873,1.3387902673142371,-0.47908676070718687,-0.444999501816175,-0.4694361570656905,0.0,3,male,S,Other
874,-0.10454177133996227,0.481287771858981,-0.444999501816175,-0.17942451852596106,1.0,2,female,C,Mrs.
875,-1.0920847451559934,-0.47908676070718687,-0.444999501816175,-0.5037542009595585,1.0,3,female,C,Miss.
876,-0.71226052445752,-0.47908676070718687,-0.444999501816175,-0.45308336747389694,0.0,3,male,S,Mr.
877,-0.7882253685972146,-0.47908676070718687,-0.444999501816175,-0.4907848804840617,0.0,3,male,S,Mr.
878,-0.2593380985801533,-0.47908676070718687,-0.444999501816175,-0.4907848804840617,0.0,3,male,S,Mr.
879,2.0224738645714893,-0.47908676070718687,0.7107630931786129,0.9643485158890306,1.0,1,female,C,Mrs.
880,-0.33243630375904637,-0.47908676070718687,0.7107630931786129,-0.14075630005399714,1.0,2,female,S,Mrs.
881,0.27528244935851126,-0.47908676070718687,-0.444999501816175,-0.4907848804840617,0.0,3,male,S,Mr.
882,-0.5603308361781305,-0.47908676070718687,-0.444999501816175,-0.44011211358747665,0.0,3,female,S,Miss.
883,-0.10454177133996227,-0.47908676070718687,-0.444999501816175,-0.44043499321171753,0.0,2,male,S,Mr.
884,-0.33243630375904637,-0.47908676070718687,-0.444999501816175,-0.5071376700758553,0.0,3,male,S,Mr.
885,0.7310715141966795,-0.47908676070718687,5.333813473157765,-0.0803372086915535,0.0,3,female,Q,Mrs.
886,-0.180506615479657,-0.47908676070718687,-0.444999501816175,-0.39209972012176264,0.0,2,male,S,Other
887,-0.7882253685972146,-0.47908676070718687,-0.444999501816175,-0.06341986311006928,1.0,1,female,S,Miss.
888,-0.5462523515767146,0.481287771858981,1.8665256881734007,-0.19005827860575114,0.0,3,female,S,Miss.
889,-0.2564714596193517,-0.47908676070718687,-0.444999501816175,-0.06341986311006928,1.0,1,male,C,Mr.
890,0.19931760521881653,-0.47908676070718687,-0.444999501816175,-0.4936037936106679,0.0,3,male,Q,Mr.
